Type_Profile,Domain,Phylum,Class,Order,Family,Genus,Type
X3815_B,Eukaryota,Dinoflagellata,Dinophyceae,Suessiales,Symbiodiniaceae,Breviolum,X3815_B
X3816_B,Eukaryota,Dinoflagellata,Dinophyceae,Suessiales,Symbiodiniaceae,Breviolum,X3816_B
X3817_B,Eukaryota,Dinoflagellata,Dinophyceae,Suessiales,Symbiodiniaceae,Breviolum,X3817_B
X3818_B,Eukaryota,Dinoflagellata,Dinophyceae,Suessiales,Symbiodiniaceae,Breviolum,X3818_B
C1d,Eukaryota,Dinoflagellata,Dinophyceae,Suessiales,Symbiodiniaceae,Cladocopium,C1d
C31,Eukaryota,Dinoflagellata,Dinophyceae,Suessiales,Symbiodiniaceae,Cladocopium,C31
C17d,Eukaryota,Dinoflagellata,Dinophyceae,Suessiales,Symbiodiniaceae,Cladocopium,C17d
C42.2,Eukaryota,Dinoflagellata,Dinophyceae,Suessiales,Symbiodiniaceae,Cladocopium,C42.2
C21,Eukaryota,Dinoflagellata,Dinophyceae,Suessiales,Symbiodiniaceae,Cladocopium,C21
C1,Eukaryota,Dinoflagellata,Dinophyceae,Suessiales,Symbiodiniaceae,Cladocopium,C1
C21ac,Eukaryota,Dinoflagellata,Dinophyceae,Suessiales,Symbiodiniaceae,Cladocopium,C21ac
X3809_C,Eukaryota,Dinoflagellata,Dinophyceae,Suessiales,Symbiodiniaceae,Cladocopium,X3809_C
C3cg,Eukaryota,Dinoflagellata,Dinophyceae,Suessiales,Symbiodiniaceae,Cladocopium,C3cg
C17e,Eukaryota,Dinoflagellata,Dinophyceae,Suessiales,Symbiodiniaceae,Cladocopium,C17e
C31a,Eukaryota,Dinoflagellata,Dinophyceae,Suessiales,Symbiodiniaceae,Cladocopium,C31a
X1853_C,Eukaryota,Dinoflagellata,Dinophyceae,Suessiales,Symbiodiniaceae,Cladocopium,X1853_C
C17f,Eukaryota,Dinoflagellata,Dinophyceae,Suessiales,Symbiodiniaceae,Cladocopium,C17f
C31.9,Eukaryota,Dinoflagellata,Dinophyceae,Suessiales,Symbiodiniaceae,Cladocopium,C31.9
C1b,Eukaryota,Dinoflagellata,Dinophyceae,Suessiales,Symbiodiniaceae,Cladocopium,C1b
C1bi,Eukaryota,Dinoflagellata,Dinophyceae,Suessiales,Symbiodiniaceae,Cladocopium,C1bi
X1840_C,Eukaryota,Dinoflagellata,Dinophyceae,Suessiales,Symbiodiniaceae,Cladocopium,X1840_C
C17,Eukaryota,Dinoflagellata,Dinophyceae,Suessiales,Symbiodiniaceae,Cladocopium,C17
X3810_C,Eukaryota,Dinoflagellata,Dinophyceae,Suessiales,Symbiodiniaceae,Cladocopium,X3810_C
C3cw,Eukaryota,Dinoflagellata,Dinophyceae,Suessiales,Symbiodiniaceae,Cladocopium,C3cw
C31.1,Eukaryota,Dinoflagellata,Dinophyceae,Suessiales,Symbiodiniaceae,Cladocopium,C31.1
X1365_C,Eukaryota,Dinoflagellata,Dinophyceae,Suessiales,Symbiodiniaceae,Cladocopium,X1365_C
X1857_C,Eukaryota,Dinoflagellata,Dinophyceae,Suessiales,Symbiodiniaceae,Cladocopium,X1857_C
C31.10,Eukaryota,Dinoflagellata,Dinophyceae,Suessiales,Symbiodiniaceae,Cladocopium,C31.10
C1ag,Eukaryota,Dinoflagellata,Dinophyceae,Suessiales,Symbiodiniaceae,Cladocopium,C1ag
X1841_C,Eukaryota,Dinoflagellata,Dinophyceae,Suessiales,Symbiodiniaceae,Cladocopium,X1841_C
X1849_C,Eukaryota,Dinoflagellata,Dinophyceae,Suessiales,Symbiodiniaceae,Cladocopium,X1849_C
C1k,Eukaryota,Dinoflagellata,Dinophyceae,Suessiales,Symbiodiniaceae,Cladocopium,C1k
X1862_C,Eukaryota,Dinoflagellata,Dinophyceae,Suessiales,Symbiodiniaceae,Cladocopium,X1862_C
X1402_C,Eukaryota,Dinoflagellata,Dinophyceae,Suessiales,Symbiodiniaceae,Cladocopium,X1402_C
X1842_C,Eukaryota,Dinoflagellata,Dinophyceae,Suessiales,Symbiodiniaceae,Cladocopium,X1842_C
X1846_C,Eukaryota,Dinoflagellata,Dinophyceae,Suessiales,Symbiodiniaceae,Cladocopium,X1846_C
X1876_C,Eukaryota,Dinoflagellata,Dinophyceae,Suessiales,Symbiodiniaceae,Cladocopium,X1876_C
C21k,Eukaryota,Dinoflagellata,Dinophyceae,Suessiales,Symbiodiniaceae,Cladocopium,C21k
X1861_C,Eukaryota,Dinoflagellata,Dinophyceae,Suessiales,Symbiodiniaceae,Cladocopium,X1861_C
X1844_C,Eukaryota,Dinoflagellata,Dinophyceae,Suessiales,Symbiodiniaceae,Cladocopium,X1844_C
X1875_C,Eukaryota,Dinoflagellata,Dinophyceae,Suessiales,Symbiodiniaceae,Cladocopium,X1875_C
X3811_C,Eukaryota,Dinoflagellata,Dinophyceae,Suessiales,Symbiodiniaceae,Cladocopium,X3811_C
X1855_C,Eukaryota,Dinoflagellata,Dinophyceae,Suessiales,Symbiodiniaceae,Cladocopium,X1855_C
C3,Eukaryota,Dinoflagellata,Dinophyceae,Suessiales,Symbiodiniaceae,Cladocopium,C3
X1872_C,Eukaryota,Dinoflagellata,Dinophyceae,Suessiales,Symbiodiniaceae,Cladocopium,X1872_C
C45c,Eukaryota,Dinoflagellata,Dinophyceae,Suessiales,Symbiodiniaceae,Cladocopium,C45c
X2275_C,Eukaryota,Dinoflagellata,Dinophyceae,Suessiales,Symbiodiniaceae,Cladocopium,X2275_C
X1858_C,Eukaryota,Dinoflagellata,Dinophyceae,Suessiales,Symbiodiniaceae,Cladocopium,X1858_C
X1859_C,Eukaryota,Dinoflagellata,Dinophyceae,Suessiales,Symbiodiniaceae,Cladocopium,X1859_C
C115k,Eukaryota,Dinoflagellata,Dinophyceae,Suessiales,Symbiodiniaceae,Cladocopium,C115k
X2135_C,Eukaryota,Dinoflagellata,Dinophyceae,Suessiales,Symbiodiniaceae,Cladocopium,X2135_C
X1860_C,Eukaryota,Dinoflagellata,Dinophyceae,Suessiales,Symbiodiniaceae,Cladocopium,X1860_C
X1467_C,Eukaryota,Dinoflagellata,Dinophyceae,Suessiales,Symbiodiniaceae,Cladocopium,X1467_C
X2146_C,Eukaryota,Dinoflagellata,Dinophyceae,Suessiales,Symbiodiniaceae,Cladocopium,X2146_C
X1852_C,Eukaryota,Dinoflagellata,Dinophyceae,Suessiales,Symbiodiniaceae,Cladocopium,X1852_C
X2121_C,Eukaryota,Dinoflagellata,Dinophyceae,Suessiales,Symbiodiniaceae,Cladocopium,X2121_C
C17.2,Eukaryota,Dinoflagellata,Dinophyceae,Suessiales,Symbiodiniaceae,Cladocopium,C17.2
X2119_C,Eukaryota,Dinoflagellata,Dinophyceae,Suessiales,Symbiodiniaceae,Cladocopium,X2119_C
C3.14,Eukaryota,Dinoflagellata,Dinophyceae,Suessiales,Symbiodiniaceae,Cladocopium,C3.14
X1425_C,Eukaryota,Dinoflagellata,Dinophyceae,Suessiales,Symbiodiniaceae,Cladocopium,X1425_C
C31.5,Eukaryota,Dinoflagellata,Dinophyceae,Suessiales,Symbiodiniaceae,Cladocopium,C31.5
X1629_C,Eukaryota,Dinoflagellata,Dinophyceae,Suessiales,Symbiodiniaceae,Cladocopium,X1629_C
X1372_C,Eukaryota,Dinoflagellata,Dinophyceae,Suessiales,Symbiodiniaceae,Cladocopium,X1372_C
X1845_C,Eukaryota,Dinoflagellata,Dinophyceae,Suessiales,Symbiodiniaceae,Cladocopium,X1845_C
X1409_C,Eukaryota,Dinoflagellata,Dinophyceae,Suessiales,Symbiodiniaceae,Cladocopium,X1409_C
X1873_C,Eukaryota,Dinoflagellata,Dinophyceae,Suessiales,Symbiodiniaceae,Cladocopium,X1873_C
X2194_C,Eukaryota,Dinoflagellata,Dinophyceae,Suessiales,Symbiodiniaceae,Cladocopium,X2194_C
C21.16,Eukaryota,Dinoflagellata,Dinophyceae,Suessiales,Symbiodiniaceae,Cladocopium,C21.16
C1au,Eukaryota,Dinoflagellata,Dinophyceae,Suessiales,Symbiodiniaceae,Cladocopium,C1au
X2151_C,Eukaryota,Dinoflagellata,Dinophyceae,Suessiales,Symbiodiniaceae,Cladocopium,X2151_C
X1382_C,Eukaryota,Dinoflagellata,Dinophyceae,Suessiales,Symbiodiniaceae,Cladocopium,X1382_C
C3.12,Eukaryota,Dinoflagellata,Dinophyceae,Suessiales,Symbiodiniaceae,Cladocopium,C3.12
X2111_C,Eukaryota,Dinoflagellata,Dinophyceae,Suessiales,Symbiodiniaceae,Cladocopium,X2111_C
C31b,Eukaryota,Dinoflagellata,Dinophyceae,Suessiales,Symbiodiniaceae,Cladocopium,C31b
X1697_C,Eukaryota,Dinoflagellata,Dinophyceae,Suessiales,Symbiodiniaceae,Cladocopium,X1697_C
X2104_C,Eukaryota,Dinoflagellata,Dinophyceae,Suessiales,Symbiodiniaceae,Cladocopium,X2104_C
X3827_C,Eukaryota,Dinoflagellata,Dinophyceae,Suessiales,Symbiodiniaceae,Cladocopium,X3827_C
X1854_C,Eukaryota,Dinoflagellata,Dinophyceae,Suessiales,Symbiodiniaceae,Cladocopium,X1854_C
X3821_C,Eukaryota,Dinoflagellata,Dinophyceae,Suessiales,Symbiodiniaceae,Cladocopium,X3821_C
X1843_C,Eukaryota,Dinoflagellata,Dinophyceae,Suessiales,Symbiodiniaceae,Cladocopium,X1843_C
X2206_C,Eukaryota,Dinoflagellata,Dinophyceae,Suessiales,Symbiodiniaceae,Cladocopium,X2206_C
X1839_C,Eukaryota,Dinoflagellata,Dinophyceae,Suessiales,Symbiodiniaceae,Cladocopium,X1839_C
X3838_C,Eukaryota,Dinoflagellata,Dinophyceae,Suessiales,Symbiodiniaceae,Cladocopium,X3838_C
X1856_C,Eukaryota,Dinoflagellata,Dinophyceae,Suessiales,Symbiodiniaceae,Cladocopium,X1856_C
X3822_C,Eukaryota,Dinoflagellata,Dinophyceae,Suessiales,Symbiodiniaceae,Cladocopium,X3822_C
X2186_C,Eukaryota,Dinoflagellata,Dinophyceae,Suessiales,Symbiodiniaceae,Cladocopium,X2186_C
X2115_C,Eukaryota,Dinoflagellata,Dinophyceae,Suessiales,Symbiodiniaceae,Cladocopium,X2115_C
X3839_C,Eukaryota,Dinoflagellata,Dinophyceae,Suessiales,Symbiodiniaceae,Cladocopium,X3839_C
X3842_C,Eukaryota,Dinoflagellata,Dinophyceae,Suessiales,Symbiodiniaceae,Cladocopium,X3842_C
X1445_C,Eukaryota,Dinoflagellata,Dinophyceae,Suessiales,Symbiodiniaceae,Cladocopium,X1445_C
X1863_C,Eukaryota,Dinoflagellata,Dinophyceae,Suessiales,Symbiodiniaceae,Cladocopium,X1863_C
X2868_C,Eukaryota,Dinoflagellata,Dinophyceae,Suessiales,Symbiodiniaceae,Cladocopium,X2868_C
X2099_C,Eukaryota,Dinoflagellata,Dinophyceae,Suessiales,Symbiodiniaceae,Cladocopium,X2099_C
X3023_C,Eukaryota,Dinoflagellata,Dinophyceae,Suessiales,Symbiodiniaceae,Cladocopium,X3023_C
X3823_C,Eukaryota,Dinoflagellata,Dinophyceae,Suessiales,Symbiodiniaceae,Cladocopium,X3823_C
X2132_C,Eukaryota,Dinoflagellata,Dinophyceae,Suessiales,Symbiodiniaceae,Cladocopium,X2132_C
X3837_C,Eukaryota,Dinoflagellata,Dinophyceae,Suessiales,Symbiodiniaceae,Cladocopium,X3837_C
X3851_C,Eukaryota,Dinoflagellata,Dinophyceae,Suessiales,Symbiodiniaceae,Cladocopium,X3851_C
C1bk,Eukaryota,Dinoflagellata,Dinophyceae,Suessiales,Symbiodiniaceae,Cladocopium,C1bk
X1557_C,Eukaryota,Dinoflagellata,Dinophyceae,Suessiales,Symbiodiniaceae,Cladocopium,X1557_C
X1535_C,Eukaryota,Dinoflagellata,Dinophyceae,Suessiales,Symbiodiniaceae,Cladocopium,X1535_C
X2137_C,Eukaryota,Dinoflagellata,Dinophyceae,Suessiales,Symbiodiniaceae,Cladocopium,X2137_C
X2158_C,Eukaryota,Dinoflagellata,Dinophyceae,Suessiales,Symbiodiniaceae,Cladocopium,X2158_C
X2136_C,Eukaryota,Dinoflagellata,Dinophyceae,Suessiales,Symbiodiniaceae,Cladocopium,X2136_C
X3844_C,Eukaryota,Dinoflagellata,Dinophyceae,Suessiales,Symbiodiniaceae,Cladocopium,X3844_C
X3857_C,Eukaryota,Dinoflagellata,Dinophyceae,Suessiales,Symbiodiniaceae,Cladocopium,X3857_C
X3824_C,Eukaryota,Dinoflagellata,Dinophyceae,Suessiales,Symbiodiniaceae,Cladocopium,X3824_C
X2145_C,Eukaryota,Dinoflagellata,Dinophyceae,Suessiales,Symbiodiniaceae,Cladocopium,X2145_C
X2095_C,Eukaryota,Dinoflagellata,Dinophyceae,Suessiales,Symbiodiniaceae,Cladocopium,X2095_C
C15h,Eukaryota,Dinoflagellata,Dinophyceae,Suessiales,Symbiodiniaceae,Cladocopium,C15h
X3845_C,Eukaryota,Dinoflagellata,Dinophyceae,Suessiales,Symbiodiniaceae,Cladocopium,X3845_C
X3829_C,Eukaryota,Dinoflagellata,Dinophyceae,Suessiales,Symbiodiniaceae,Cladocopium,X3829_C
X3861_C,Eukaryota,Dinoflagellata,Dinophyceae,Suessiales,Symbiodiniaceae,Cladocopium,X3861_C
X1375_C,Eukaryota,Dinoflagellata,Dinophyceae,Suessiales,Symbiodiniaceae,Cladocopium,X1375_C
C21ad,Eukaryota,Dinoflagellata,Dinophyceae,Suessiales,Symbiodiniaceae,Cladocopium,C21ad
X1847_C,Eukaryota,Dinoflagellata,Dinophyceae,Suessiales,Symbiodiniaceae,Cladocopium,X1847_C
X3846_C,Eukaryota,Dinoflagellata,Dinophyceae,Suessiales,Symbiodiniaceae,Cladocopium,X3846_C
X2854_C,Eukaryota,Dinoflagellata,Dinophyceae,Suessiales,Symbiodiniaceae,Cladocopium,X2854_C
X2204_C,Eukaryota,Dinoflagellata,Dinophyceae,Suessiales,Symbiodiniaceae,Cladocopium,X2204_C
X3825_C,Eukaryota,Dinoflagellata,Dinophyceae,Suessiales,Symbiodiniaceae,Cladocopium,X3825_C
X2496_C,Eukaryota,Dinoflagellata,Dinophyceae,Suessiales,Symbiodiniaceae,Cladocopium,X2496_C
X3852_C,Eukaryota,Dinoflagellata,Dinophyceae,Suessiales,Symbiodiniaceae,Cladocopium,X3852_C
X3847_C,Eukaryota,Dinoflagellata,Dinophyceae,Suessiales,Symbiodiniaceae,Cladocopium,X3847_C
X2497_C,Eukaryota,Dinoflagellata,Dinophyceae,Suessiales,Symbiodiniaceae,Cladocopium,X2497_C
X2097_C,Eukaryota,Dinoflagellata,Dinophyceae,Suessiales,Symbiodiniaceae,Cladocopium,X2097_C
X3820_C,Eukaryota,Dinoflagellata,Dinophyceae,Suessiales,Symbiodiniaceae,Cladocopium,X3820_C
X3850_C,Eukaryota,Dinoflagellata,Dinophyceae,Suessiales,Symbiodiniaceae,Cladocopium,X3850_C
X3836_C,Eukaryota,Dinoflagellata,Dinophyceae,Suessiales,Symbiodiniaceae,Cladocopium,X3836_C
X2349_C,Eukaryota,Dinoflagellata,Dinophyceae,Suessiales,Symbiodiniaceae,Cladocopium,X2349_C
X3855_C,Eukaryota,Dinoflagellata,Dinophyceae,Suessiales,Symbiodiniaceae,Cladocopium,X3855_C
X1502_C,Eukaryota,Dinoflagellata,Dinophyceae,Suessiales,Symbiodiniaceae,Cladocopium,X1502_C
X3840_C,Eukaryota,Dinoflagellata,Dinophyceae,Suessiales,Symbiodiniaceae,Cladocopium,X3840_C
X3853_C,Eukaryota,Dinoflagellata,Dinophyceae,Suessiales,Symbiodiniaceae,Cladocopium,X3853_C
X3854_C,Eukaryota,Dinoflagellata,Dinophyceae,Suessiales,Symbiodiniaceae,Cladocopium,X3854_C
X1487_C,Eukaryota,Dinoflagellata,Dinophyceae,Suessiales,Symbiodiniaceae,Cladocopium,X1487_C
X1541_C,Eukaryota,Dinoflagellata,Dinophyceae,Suessiales,Symbiodiniaceae,Cladocopium,X1541_C
X3841_C,Eukaryota,Dinoflagellata,Dinophyceae,Suessiales,Symbiodiniaceae,Cladocopium,X3841_C
X3848_C,Eukaryota,Dinoflagellata,Dinophyceae,Suessiales,Symbiodiniaceae,Cladocopium,X3848_C
X3828_C,Eukaryota,Dinoflagellata,Dinophyceae,Suessiales,Symbiodiniaceae,Cladocopium,X3828_C
X2436_C,Eukaryota,Dinoflagellata,Dinophyceae,Suessiales,Symbiodiniaceae,Cladocopium,X2436_C
X2116_C,Eukaryota,Dinoflagellata,Dinophyceae,Suessiales,Symbiodiniaceae,Cladocopium,X2116_C
X2109_C,Eukaryota,Dinoflagellata,Dinophyceae,Suessiales,Symbiodiniaceae,Cladocopium,X2109_C
X1367_C,Eukaryota,Dinoflagellata,Dinophyceae,Suessiales,Symbiodiniaceae,Cladocopium,X1367_C
X1867_C,Eukaryota,Dinoflagellata,Dinophyceae,Suessiales,Symbiodiniaceae,Cladocopium,X1867_C
X3859_C,Eukaryota,Dinoflagellata,Dinophyceae,Suessiales,Symbiodiniaceae,Cladocopium,X3859_C
X3856_C,Eukaryota,Dinoflagellata,Dinophyceae,Suessiales,Symbiodiniaceae,Cladocopium,X3856_C
X1422_C,Eukaryota,Dinoflagellata,Dinophyceae,Suessiales,Symbiodiniaceae,Cladocopium,X1422_C
X2166_C,Eukaryota,Dinoflagellata,Dinophyceae,Suessiales,Symbiodiniaceae,Cladocopium,X2166_C
X3843_C,Eukaryota,Dinoflagellata,Dinophyceae,Suessiales,Symbiodiniaceae,Cladocopium,X3843_C
X3812_C,Eukaryota,Dinoflagellata,Dinophyceae,Suessiales,Symbiodiniaceae,Cladocopium,X3812_C
X1850_C,Eukaryota,Dinoflagellata,Dinophyceae,Suessiales,Symbiodiniaceae,Cladocopium,X1850_C
X2113_C,Eukaryota,Dinoflagellata,Dinophyceae,Suessiales,Symbiodiniaceae,Cladocopium,X2113_C
X1851_C,Eukaryota,Dinoflagellata,Dinophyceae,Suessiales,Symbiodiniaceae,Cladocopium,X1851_C
X2376_C,Eukaryota,Dinoflagellata,Dinophyceae,Suessiales,Symbiodiniaceae,Cladocopium,X2376_C
X3860_C,Eukaryota,Dinoflagellata,Dinophyceae,Suessiales,Symbiodiniaceae,Cladocopium,X3860_C
X3813_C,Eukaryota,Dinoflagellata,Dinophyceae,Suessiales,Symbiodiniaceae,Cladocopium,X3813_C
X2157_C,Eukaryota,Dinoflagellata,Dinophyceae,Suessiales,Symbiodiniaceae,Cladocopium,X2157_C
X2098_C,Eukaryota,Dinoflagellata,Dinophyceae,Suessiales,Symbiodiniaceae,Cladocopium,X2098_C
X3808_C,Eukaryota,Dinoflagellata,Dinophyceae,Suessiales,Symbiodiniaceae,Cladocopium,X3808_C
X2534_C,Eukaryota,Dinoflagellata,Dinophyceae,Suessiales,Symbiodiniaceae,Cladocopium,X2534_C
X3806_C,Eukaryota,Dinoflagellata,Dinophyceae,Suessiales,Symbiodiniaceae,Cladocopium,X3806_C
X3832_C,Eukaryota,Dinoflagellata,Dinophyceae,Suessiales,Symbiodiniaceae,Cladocopium,X3832_C
X3849_C,Eukaryota,Dinoflagellata,Dinophyceae,Suessiales,Symbiodiniaceae,Cladocopium,X3849_C
C3.2,Eukaryota,Dinoflagellata,Dinophyceae,Suessiales,Symbiodiniaceae,Cladocopium,C3.2
X2225_C,Eukaryota,Dinoflagellata,Dinophyceae,Suessiales,Symbiodiniaceae,Cladocopium,X2225_C
X2094_C,Eukaryota,Dinoflagellata,Dinophyceae,Suessiales,Symbiodiniaceae,Cladocopium,X2094_C
X3826_C,Eukaryota,Dinoflagellata,Dinophyceae,Suessiales,Symbiodiniaceae,Cladocopium,X3826_C
X3833_C,Eukaryota,Dinoflagellata,Dinophyceae,Suessiales,Symbiodiniaceae,Cladocopium,X3833_C
X3834_C,Eukaryota,Dinoflagellata,Dinophyceae,Suessiales,Symbiodiniaceae,Cladocopium,X3834_C
X3024_C,Eukaryota,Dinoflagellata,Dinophyceae,Suessiales,Symbiodiniaceae,Cladocopium,X3024_C
X1772_C,Eukaryota,Dinoflagellata,Dinophyceae,Suessiales,Symbiodiniaceae,Cladocopium,X1772_C
X3862_C,Eukaryota,Dinoflagellata,Dinophyceae,Suessiales,Symbiodiniaceae,Cladocopium,X3862_C
X2569_C,Eukaryota,Dinoflagellata,Dinophyceae,Suessiales,Symbiodiniaceae,Cladocopium,X2569_C
X2687_C,Eukaryota,Dinoflagellata,Dinophyceae,Suessiales,Symbiodiniaceae,Cladocopium,X2687_C
X3863_C,Eukaryota,Dinoflagellata,Dinophyceae,Suessiales,Symbiodiniaceae,Cladocopium,X3863_C
X1454_C,Eukaryota,Dinoflagellata,Dinophyceae,Suessiales,Symbiodiniaceae,Cladocopium,X1454_C
X3807_C,Eukaryota,Dinoflagellata,Dinophyceae,Suessiales,Symbiodiniaceae,Cladocopium,X3807_C
X3819_C,Eukaryota,Dinoflagellata,Dinophyceae,Suessiales,Symbiodiniaceae,Cladocopium,X3819_C
D1,Eukaryota,Dinoflagellata,Dinophyceae,Suessiales,Symbiodiniaceae,Durusdinium,D1
D4,Eukaryota,Dinoflagellata,Dinophyceae,Suessiales,Symbiodiniaceae,Durusdinium,D4
D6,Eukaryota,Dinoflagellata,Dinophyceae,Suessiales,Symbiodiniaceae,Durusdinium,D6
D1ab,Eukaryota,Dinoflagellata,Dinophyceae,Suessiales,Symbiodiniaceae,Durusdinium,D1ab
X1833_D,Eukaryota,Dinoflagellata,Dinophyceae,Suessiales,Symbiodiniaceae,Durusdinium,X1833_D
X1835_D,Eukaryota,Dinoflagellata,Dinophyceae,Suessiales,Symbiodiniaceae,Durusdinium,X1835_D
X1834_D,Eukaryota,Dinoflagellata,Dinophyceae,Suessiales,Symbiodiniaceae,Durusdinium,X1834_D
D4d,Eukaryota,Dinoflagellata,Dinophyceae,Suessiales,Symbiodiniaceae,Durusdinium,D4d
X1836_D,Eukaryota,Dinoflagellata,Dinophyceae,Suessiales,Symbiodiniaceae,Durusdinium,X1836_D
D17d,Eukaryota,Dinoflagellata,Dinophyceae,Suessiales,Symbiodiniaceae,Durusdinium,D17d
X1838_D,Eukaryota,Dinoflagellata,Dinophyceae,Suessiales,Symbiodiniaceae,Durusdinium,X1838_D
D17j,Eukaryota,Dinoflagellata,Dinophyceae,Suessiales,Symbiodiniaceae,Durusdinium,D17j
X1837_D,Eukaryota,Dinoflagellata,Dinophyceae,Suessiales,Symbiodiniaceae,Durusdinium,X1837_D
X1869_D,Eukaryota,Dinoflagellata,Dinophyceae,Suessiales,Symbiodiniaceae,Durusdinium,X1869_D
D5m,Eukaryota,Dinoflagellata,Dinophyceae,Suessiales,Symbiodiniaceae,Durusdinium,D5m
X1868_D,Eukaryota,Dinoflagellata,Dinophyceae,Suessiales,Symbiodiniaceae,Durusdinium,X1868_D
D17e,Eukaryota,Dinoflagellata,Dinophyceae,Suessiales,Symbiodiniaceae,Durusdinium,D17e
D1r,Eukaryota,Dinoflagellata,Dinophyceae,Suessiales,Symbiodiniaceae,Durusdinium,D1r
D17c,Eukaryota,Dinoflagellata,Dinophyceae,Suessiales,Symbiodiniaceae,Durusdinium,D17c
D17l,Eukaryota,Dinoflagellata,Dinophyceae,Suessiales,Symbiodiniaceae,Durusdinium,D17l
D17k,Eukaryota,Dinoflagellata,Dinophyceae,Suessiales,Symbiodiniaceae,Durusdinium,D17k
D17,Eukaryota,Dinoflagellata,Dinophyceae,Suessiales,Symbiodiniaceae,Durusdinium,D17
X3082_D,Eukaryota,Dinoflagellata,Dinophyceae,Suessiales,Symbiodiniaceae,Durusdinium,X3082_D
D1.6,Eukaryota,Dinoflagellata,Dinophyceae,Suessiales,Symbiodiniaceae,Durusdinium,D1.6
X3036_D,Eukaryota,Dinoflagellata,Dinophyceae,Suessiales,Symbiodiniaceae,Durusdinium,X3036_D
X1871_D,Eukaryota,Dinoflagellata,Dinophyceae,Suessiales,Symbiodiniaceae,Durusdinium,X1871_D
X3190_D,Eukaryota,Dinoflagellata,Dinophyceae,Suessiales,Symbiodiniaceae,Durusdinium,X3190_D
X3075_D,Eukaryota,Dinoflagellata,Dinophyceae,Suessiales,Symbiodiniaceae,Durusdinium,X3075_D
X3069_D,Eukaryota,Dinoflagellata,Dinophyceae,Suessiales,Symbiodiniaceae,Durusdinium,X3069_D
X1870_D,Eukaryota,Dinoflagellata,Dinophyceae,Suessiales,Symbiodiniaceae,Durusdinium,X1870_D
X3292_D,Eukaryota,Dinoflagellata,Dinophyceae,Suessiales,Symbiodiniaceae,Durusdinium,X3292_D
X1877_D,Eukaryota,Dinoflagellata,Dinophyceae,Suessiales,Symbiodiniaceae,Durusdinium,X1877_D
X3041_D,Eukaryota,Dinoflagellata,Dinophyceae,Suessiales,Symbiodiniaceae,Durusdinium,X3041_D
D2.2,Eukaryota,Dinoflagellata,Dinophyceae,Suessiales,Symbiodiniaceae,Durusdinium,D2.2
X3830_D,Eukaryota,Dinoflagellata,Dinophyceae,Suessiales,Symbiodiniaceae,Durusdinium,X3830_D
X3442_D,Eukaryota,Dinoflagellata,Dinophyceae,Suessiales,Symbiodiniaceae,Durusdinium,X3442_D
X3835_D,Eukaryota,Dinoflagellata,Dinophyceae,Suessiales,Symbiodiniaceae,Durusdinium,X3835_D
D4b,Eukaryota,Dinoflagellata,Dinophyceae,Suessiales,Symbiodiniaceae,Durusdinium,D4b
X3585_D,Eukaryota,Dinoflagellata,Dinophyceae,Suessiales,Symbiodiniaceae,Durusdinium,X3585_D
X3831_D,Eukaryota,Dinoflagellata,Dinophyceae,Suessiales,Symbiodiniaceae,Durusdinium,X3831_D
X3100_D,Eukaryota,Dinoflagellata,Dinophyceae,Suessiales,Symbiodiniaceae,Durusdinium,X3100_D
X3137_D,Eukaryota,Dinoflagellata,Dinophyceae,Suessiales,Symbiodiniaceae,Durusdinium,X3137_D
X3597_D,Eukaryota,Dinoflagellata,Dinophyceae,Suessiales,Symbiodiniaceae,Durusdinium,X3597_D
X3858_D,Eukaryota,Dinoflagellata,Dinophyceae,Suessiales,Symbiodiniaceae,Durusdinium,X3858_D
X3600_D,Eukaryota,Dinoflagellata,Dinophyceae,Suessiales,Symbiodiniaceae,Durusdinium,X3600_D
G3l,Eukaryota,Dinoflagellata,Dinophyceae,Suessiales,Symbiodiniaceae,Gerakladium,G3l
G3m,Eukaryota,Dinoflagellata,Dinophyceae,Suessiales,Symbiodiniaceae,Gerakladium,G3m
G3k,Eukaryota,Dinoflagellata,Dinophyceae,Suessiales,Symbiodiniaceae,Gerakladium,G3k
X3814_G,Eukaryota,Dinoflagellata,Dinophyceae,Suessiales,Symbiodiniaceae,Gerakladium,X3814_G
G3v,Eukaryota,Dinoflagellata,Dinophyceae,Suessiales,Symbiodiniaceae,Gerakladium,G3v