{"C3": "#1CE6FF", "D1": "#008941", "C1": "#006FA6", "D4": "#FFDBE5", "C42.2": "#0000A6", "C1b": "#004D43", "C1d": "#8FB0FF", "C21": "#00C2A0", "C31": "#DDEFFF", "D6": "#A1C299", "C17d": "#FFB500", "D1ab": "#C2FFED", "1833_D": "#A079BF", "C3cg": "#CC0744", "D4d": "#C0B9B2", "C21ac": "#C2FF99", "C17e": "#001E09", "C1bi": "#00489C", "C17f": "#6F0062", "1365_C": "#0CBD66", "1853_C": "#EEC3FF", "1840_C": "#456D75", "1835_D": "#B77B68", "1834_D": "#7A87A1", "C3.12": "#788D66", "C17": "#885578", "1836_D": "#FAD09F", "C3cw": "#FF8A9A", "C1k": "#D157A0", "1842_C": "#BEC459", "C31.9": "#456648", "1863_C": "#0086ED", "1857_C": "#886F4C", "1837_D": "#34362D", "1841_C": "#B4A8BD", "1846_C": "#00A6AA", "1844_C": "#452C2C", "1860_C": "#636375", "1849_C": "#A3C8C9", "D17d": "#FF913F", "D17j": "#938A81", "C21k": "#575329", "C31.10": "#00FECF", "1422_C": "#B05B6F", "1858_C": "#8CD0FF", "1866_C": "#3B9700", "1838_D": "#04F757", "1865_C": "#C8A1A1", "1859_C": "#1E6E00", "D17e": "#7900D7", "1861_C": "#A77500", "D17l": "#6367A9", "1868_D": "#A05837", "1867_C": "#6B002C", "D5m": "#772600", "1869_D": "#D790FF", "1862_C": "#9B9700", "D17c": "#549E79", "1864_C": "#FFF69F", "G3l": "#201625", "D17k": "#72418F", "1875_C": "#BC23FF", "1870_D": "#99ADC0", "1876_C": "#3A2465", "1871_D": "#922329", "1839_C": "#5B4534", "G3k": "#FDE8DC", "1877_D": "#404E55", "1855_C": "#0089A3", "1845_C": "#CB7E98", "G3m": "#A4E804", "1843_C": "#324E72", "1850_C": "#6A3A4C", "1848_C": "#83AB58", "1847_C": "#001C1E", "1852_C": "#D1F7CE", "1872_C": "#004B28", "1854_C": "#C8D0F6", "1424_C": "#A3A489", "C31a": "#806C66", "1402_C": "#222800", "1851_C": "#BF5650", "1874_C": "#E83000", "1873_C": "#66796D", "1856_C": "#DA007C", "C21.16": "#FF1A59"}