sample,sample_uid,PC1,PC2,PC3,PC4,PC5,PC6,PC7,PC8,PC9,PC10,PC11,PC12,PC13,PC14,PC15,PC16,PC17,PC18,PC19,PC20,PC21,PC22,PC23,PC24,PC25,PC26,PC27,PC28,PC29,PC30,PC31,PC32,PC33,PC34,PC35,PC36,PC37,PC38,PC39,PC40,PC41,PC42,PC43,PC44,PC45,PC46,PC47,PC48,PC49,PC50,PC51,PC52,PC53,PC54,PC55,PC56,PC57,PC58,PC59,PC60,PC61,PC62,PC63,PC64,PC65,PC66,PC67,PC68,PC69,PC70,PC71,PC72,PC73,PC74,PC75,PC76,PC77,PC78,PC79,PC80,PC81,PC82,PC83
HP101,225,-0.11174008314367086,-0.05548939966886399,-0.012354899765066646,-0.016099261003989073,-0.0305853682598338,-0.00448366346333706,-0.0035887384485427287,-0.005152617258503761,0.003354252270986721,-0.0037683902652350587,-0.008278370382602639,0.00709294501695603,0.0007207145348553345,-0.0037818928670026765,-0.0009737373902515649,-0.0002659421196839911,0.0010286972061356663,-0.0030600720733783746,-0.002140666710504695,-0.001624843849589966,0.0018118611264929343,0.001005465682385926,0.00027990679350814614,-0.0028760515714559612,0.0012588012550270528,0.00219584455666134,1.2307932439557462e-05,0.002946995978615352,-0.002748715323267363,-0.0017637465024561692,0.005274481878653547,-0.0023685365942120356,0.00158061018652487,0.0020697337114068152,-0.0017271137919187738,0.0015730838035332934,-0.0007604591246371491,-0.00047755090961351237,0.0003021560719557751,-0.0,0.0,0.0,0.0,0.0,0.0,0.0,0.0,0.0,0.0,0.0,0.0,0.0,0.0,0.0,0.0,0.0,0.0,0.0,0.0,0.0,0.0,0.0,0.0,0.0,0.0,0.0,0.0,0.0,0.0,0.0,0.0,0.0,0.0,0.0,0.0,0.0,0.0,0.0,0.0,0.0,0.0,0.0,0.0
HP104,228,-0.056726521520411945,0.061248195505735736,-0.00790250037549303,-0.05284924273032776,0.010326122857840807,-0.005694790248249648,-0.004822426033383501,-0.0029952858443203253,-0.004540865473015683,-0.005346390892048722,-0.0009620607646211252,-0.0034399172054030967,-0.007441392124334538,-0.0018730388254180246,0.004782411091417423,0.009940497696557433,-0.002697868299664206,0.001686971853209143,0.001239541669632381,0.0028343373986715954,-0.0010873716181764284,-0.004469143921344997,0.00248746329261507,-0.008359740521150264,0.0014121186415462167,-0.0003127044673836184,-0.001757279734852702,0.0008340599783681676,-0.001184253031655299,0.0002385246847790311,-0.0018421113687629366,-0.0016004405610990221,-0.003594602732165031,0.0005641788116978274,0.0006426215306483877,0.0006039955106008351,0.0017242021461807311,0.0005753368539730611,0.00013176279586911153,-0.0,0.0,0.0,0.0,0.0,0.0,0.0,0.0,0.0,0.0,0.0,0.0,0.0,0.0,0.0,0.0,0.0,0.0,0.0,0.0,0.0,0.0,0.0,0.0,0.0,0.0,0.0,0.0,0.0,0.0,0.0,0.0,0.0,0.0,0.0,0.0,0.0,0.0,0.0,0.0,0.0,0.0,0.0,0.0
HP111,235,-0.10882844283601685,-0.0497138385979417,-0.0019429567468890808,-0.012552413763927045,-0.03380756020039082,0.0017760935530974854,-0.022545689372334313,-0.019276003990270667,0.02580794063094778,0.010455185937726303,0.026691021799673476,-0.016198714492567653,-0.006970730688650731,-0.001994414679782387,0.003664639313892388,0.0011960825213952304,0.006019526991554828,0.0029261288467026664,0.002598586237220352,-0.002229609372327745,-0.004667020098594718,0.001897298807065287,0.004977671546909195,0.004869434837069421,-0.0014486324628314043,-0.006066685587116078,4.940890806871797e-05,-0.0004152533755755607,-0.0010456481222349291,0.0012260672518246796,-0.00025513669053233627,0.0011495191338618952,1.6746233927719786e-06,0.000536798222040141,-0.00043046332707935526,0.0015150686924428017,0.0006938848879672858,-0.00014230485290838788,-0.00036944889536575667,-0.0,0.0,0.0,0.0,0.0,0.0,0.0,0.0,0.0,0.0,0.0,0.0,0.0,0.0,0.0,0.0,0.0,0.0,0.0,0.0,0.0,0.0,0.0,0.0,0.0,0.0,0.0,0.0,0.0,0.0,0.0,0.0,0.0,0.0,0.0,0.0,0.0,0.0,0.0,0.0,0.0,0.0,0.0,0.0
HP115,239,-0.1107034732185315,-0.05607821418065984,-0.011908811183831481,-0.014127808179346894,-0.0326533037646447,-0.0073782300421903315,-0.005629888813175587,-0.0058994530952005495,-0.0010805978787956393,0.0008379597706905608,-0.008281948384367325,0.00981286726575762,-0.004943664836046105,-0.006852793309777756,-0.0038096269437590687,-0.009166619379345391,-0.012892733310893056,0.0016650348402290906,0.00041492188774601066,0.0025875251450899104,-0.006427774197437654,0.007032680064832648,-0.0027913457143023362,-0.007665767367639643,0.0024846183146184963,0.0014961231936707156,0.005134266878650195,-0.0028434382511845443,0.004793218211689122,0.0029568402049716933,-7.964087332934205e-05,0.0022561789452407105,0.0022961579768754734,0.0003152167962336815,0.0007378021639596499,0.00027133479806536,-0.0007176831558006159,0.0003865148184843737,-0.00016954716951378163,-0.0,0.0,0.0,0.0,0.0,0.0,0.0,0.0,0.0,0.0,0.0,0.0,0.0,0.0,0.0,0.0,0.0,0.0,0.0,0.0,0.0,0.0,0.0,0.0,0.0,0.0,0.0,0.0,0.0,0.0,0.0,0.0,0.0,0.0,0.0,0.0,0.0,0.0,0.0,0.0,0.0,0.0,0.0,0.0
HP116,240,0.23971793782638115,0.05508818592095832,0.03217583755105669,0.0039595540776259175,-0.008814535358628991,0.06232206094346795,-0.06230874120706122,-0.020422693207710493,0.041002485290826375,0.0027339224692377586,0.044559565580125055,-0.010937230227206851,0.008583020057739681,-0.0004925246349186148,-0.009495610767259764,-0.00047695837573655275,0.003504437163043526,-0.0006384342512631785,-0.0009219727511651936,0.0006417118128404975,0.0007414051231089565,0.0027920793666391724,0.001446288291824573,-0.001751981768567545,0.0004621754613107801,0.0011139318506047098,0.0017685406696381458,-0.0006112809690390947,0.0004848482963607007,0.00045174281683374895,-0.00044330210976393684,-7.092340742319942e-05,0.00013697929175347838,-4.733173650164816e-05,-0.0002751850355514247,7.553397590843402e-06,-0.0002420667336888332,-1.4419245830550027e-05,0.00011001166210375515,-0.0,0.0,0.0,0.0,0.0,0.0,0.0,0.0,0.0,0.0,0.0,0.0,0.0,0.0,0.0,0.0,0.0,0.0,0.0,0.0,0.0,0.0,0.0,0.0,0.0,0.0,0.0,0.0,0.0,0.0,0.0,0.0,0.0,0.0,0.0,0.0,0.0,0.0,0.0,0.0,0.0,0.0,0.0,0.0
HP127,251,-0.11166045179988855,-0.05502611905108532,-0.010921453785945237,-0.01688283467504803,-0.030658667511977315,-0.003509804988791871,-0.0036604040877151363,-0.005015064424799251,0.00519625174057546,-0.005479073306299452,-0.008997928641298615,0.006649163198833132,0.001172778672971569,-0.003430332328374339,0.0004231432961343634,0.002952771664962499,0.0011613558607231514,-0.0018688320658244875,-0.004698713613545831,0.00413723050435177,0.004711689398661433,-0.005546638089681975,-0.0013028549391495984,0.0066881214883806935,-0.0033569344849874,0.0025686359575409975,-0.0023726601816193645,-0.0029475445963266953,0.0010741958685214616,0.00336900202274087,-0.0013454453953735122,0.00046692155173490367,0.000772373856497379,0.003476477177733762,-5.516308058522151e-05,1.946704732986895e-05,0.00011695766009507842,0.00018242702273274993,1.665389009706032e-05,-0.0,0.0,0.0,0.0,0.0,0.0,0.0,0.0,0.0,0.0,0.0,0.0,0.0,0.0,0.0,0.0,0.0,0.0,0.0,0.0,0.0,0.0,0.0,0.0,0.0,0.0,0.0,0.0,0.0,0.0,0.0,0.0,0.0,0.0,0.0,0.0,0.0,0.0,0.0,0.0,0.0,0.0,0.0,0.0
HP130,254,-0.0944641459991883,-0.024187111842311832,-0.0018432393587175919,0.000862023186503811,0.013597001308627132,0.005164802818418275,-0.01017195171841456,-0.005639851232044786,-0.012387279595742106,0.006399952498509351,0.0032711246713214006,0.002068525330027611,-0.006444326761953949,-0.0050074402301210795,-0.007089099078835812,0.006734550348826442,-0.0012223487637471255,0.012505666261936456,0.0018754286024503942,0.009499744086426856,0.0005226547645244709,-0.007322960341600686,-0.002660470645998428,-0.005491210564409716,0.0025181718035481365,0.0011112540467959485,0.0019355250052615687,-0.0006984111146196185,-0.0017164947666064075,0.005469171041966995,0.0019310655131404557,-0.0010974866691143854,-0.003150839465891336,0.0003445978792154127,0.0010831920069953062,-0.0013187545444498855,1.515529494860278e-05,0.00028725618599984113,-8.185667629843122e-05,-0.0,0.0,0.0,0.0,0.0,0.0,0.0,0.0,0.0,0.0,0.0,0.0,0.0,0.0,0.0,0.0,0.0,0.0,0.0,0.0,0.0,0.0,0.0,0.0,0.0,0.0,0.0,0.0,0.0,0.0,0.0,0.0,0.0,0.0,0.0,0.0,0.0,0.0,0.0,0.0,0.0,0.0,0.0,0.0
HP135,259,-0.11139094493135752,-0.05498777285515533,-0.011171150146655996,-0.016715448392289937,-0.031211747062190164,-0.00448128659952261,-0.003569727066497739,-0.004521749531353768,0.004120917812018348,-0.0043267590550854565,-0.008942566837412666,0.007789312282002408,-0.0007500953186112001,-0.0044773989968115956,-0.0022368462471906688,-7.569039558277391e-05,-0.0033673055310373167,0.004353898805511738,-0.0041700252514760465,0.00799422978493932,-0.001955743353221824,0.0025741690381178624,-0.0003029656904676379,-0.0018615468619252121,-0.00799287254009753,-0.0005020132159222968,0.0034184086138710594,-0.0016196386931315396,-0.004236638988290297,-0.004907405756462761,-0.003534703997265835,4.615446409338487e-06,-0.0005175153779293577,-0.0014379315880586367,0.00039762332637707516,-0.0009336556679815062,0.0010956826758887074,-0.0005181825466719405,-0.0003120913394383296,-0.0,0.0,0.0,0.0,0.0,0.0,0.0,0.0,0.0,0.0,0.0,0.0,0.0,0.0,0.0,0.0,0.0,0.0,0.0,0.0,0.0,0.0,0.0,0.0,0.0,0.0,0.0,0.0,0.0,0.0,0.0,0.0,0.0,0.0,0.0,0.0,0.0,0.0,0.0,0.0,0.0,0.0,0.0,0.0
HP136,260,0.16455940288507287,0.020523367102336765,-0.05937509401674164,-0.013430774943920379,-0.06821835628661052,-0.0067424179460462315,-0.02459079165739054,0.032322386541447486,0.0020354432326835513,-0.017290097350093285,-0.020821280140555242,-0.016049494817933233,0.0003119341093269338,-0.019287310408752607,0.01625920397318141,-0.010141450588381461,0.006388536198104583,-0.0037453394531176093,0.008821670539335863,0.005698463759446962,-0.0041065073881312525,-0.004225606099943193,-0.000415771986747113,0.0012173247778040114,-0.0017113182549268757,-0.00041864102062785666,0.00010901865310464867,-5.780277630910628e-05,4.1191480778544796e-05,0.00037815170739880844,0.0006541325145093678,0.0009579519409258141,0.0009752947278149559,-5.6619538378874727e-05,4.535514552436652e-05,-0.0005344773569254248,1.8062944355057072e-05,-0.0002581056183319364,-3.3027935418317885e-05,-0.0,0.0,0.0,0.0,0.0,0.0,0.0,0.0,0.0,0.0,0.0,0.0,0.0,0.0,0.0,0.0,0.0,0.0,0.0,0.0,0.0,0.0,0.0,0.0,0.0,0.0,0.0,0.0,0.0,0.0,0.0,0.0,0.0,0.0,0.0,0.0,0.0,0.0,0.0,0.0,0.0,0.0,0.0,0.0
HP139,263,-0.0953436479235792,-0.0233778977324507,0.004459759928015731,-0.001725462155140846,0.014858920185107918,0.009581794114174234,-0.00540633186274708,-0.0002016571340912116,-0.005958790711628348,-0.002186829137255961,-0.002136007325354301,0.002263277597203583,-0.0009926029486266718,0.003568274556354151,-0.0010349415889098262,0.00021688322543428183,-0.001260511416955852,0.002872926582931736,0.00445401207202388,-0.0021911602041020883,0.0017562369899990667,0.002487260417301462,0.0015996145469709222,-0.00474234242668318,-0.0033366258910707608,0.0017655406160995981,-0.0001047944387397396,-0.002444951608668331,-0.0006599985327032904,-0.0017866704657184271,0.000982512993142529,0.0005425870214313535,0.0006163955624164776,0.0005081309736964864,-0.0027513197278119608,0.0006144240215429541,0.00021804656951386595,-0.00014171704513265504,-0.0007814087388898085,-0.0,0.0,0.0,0.0,0.0,0.0,0.0,0.0,0.0,0.0,0.0,0.0,0.0,0.0,0.0,0.0,0.0,0.0,0.0,0.0,0.0,0.0,0.0,0.0,0.0,0.0,0.0,0.0,0.0,0.0,0.0,0.0,0.0,0.0,0.0,0.0,0.0,0.0,0.0,0.0,0.0,0.0,0.0,0.0
HP141,265,-0.0946198084058194,-0.024437648124344402,-0.003045399782059421,0.00037105977648515403,0.01433688936637759,0.00669413619904491,-0.007368605252865413,-0.003049609556194013,-0.008879952725365443,0.004824955475723103,0.0024621460037387985,0.0002890409152804364,-0.005856028347640668,-5.3022308438341526e-05,-0.007773716567221325,0.0005214794296277951,-0.007973671132469827,0.008975811882447705,-0.0027609806278782916,0.003221848855537767,0.0007397346702804773,0.007059006626857328,-0.007561928849351895,0.007862552199092408,0.00010577425876582773,-0.0013666081523211599,0.00477517400151478,0.0009432686197918427,-9.281924974667441e-05,0.0018260240904522638,0.000415297482705473,-0.002896057862860049,0.0014164370149084646,-0.0002121110849349607,-0.0001651430539792487,-0.0005806955335826678,0.0006027511161148652,0.0007397899328293978,0.00024848408106194284,-0.0,0.0,0.0,0.0,0.0,0.0,0.0,0.0,0.0,0.0,0.0,0.0,0.0,0.0,0.0,0.0,0.0,0.0,0.0,0.0,0.0,0.0,0.0,0.0,0.0,0.0,0.0,0.0,0.0,0.0,0.0,0.0,0.0,0.0,0.0,0.0,0.0,0.0,0.0,0.0,0.0,0.0,0.0,0.0
HP152,276,-0.09468518584993403,-0.0215191975716701,0.0024842010226042844,-0.00017316867800607364,0.020522294231299185,0.0023218025972228727,-0.010572067674477126,-0.004354459640849948,-0.00559745794409187,-3.379553437980733e-06,-0.0010244015052384013,0.003884370797990151,0.002018083863299503,-0.005697783366185918,0.000752852293050126,-0.0006668295484189037,0.005286534066214074,-0.0008283372356595378,-0.0014852390404322788,0.0007745722980235247,-0.003001990056531494,-0.000617968706688535,0.0029298347214500465,0.0024897438602091287,0.004335921958431574,-0.0038898763854241934,0.004548161820346735,3.145419757013859e-05,-0.002395860861862764,-0.002915685427384557,-0.0004588985613385902,-0.0011650465950352094,0.003107993587571017,0.0010215315438197637,0.0008302084564721361,-0.0013014235669720027,-0.0021180152865150257,0.0012959699974373052,-0.0010470232137451522,-0.0,0.0,0.0,0.0,0.0,0.0,0.0,0.0,0.0,0.0,0.0,0.0,0.0,0.0,0.0,0.0,0.0,0.0,0.0,0.0,0.0,0.0,0.0,0.0,0.0,0.0,0.0,0.0,0.0,0.0,0.0,0.0,0.0,0.0,0.0,0.0,0.0,0.0,0.0,0.0,0.0,0.0,0.0,0.0
HP158,282,-0.09502236045075055,-0.022559545904263168,0.004216541090449107,-0.0011853048901875375,0.0163513281258703,0.008218837746564968,-0.006591478386234863,-0.0009724337691609944,-0.007507278409038052,-0.001655584367739482,-0.0017897447720717759,0.002530299803536819,-3.1908382715131654e-05,0.002622787013330537,-0.0012853148505422194,-0.0027788878392858824,-0.0005716620993742202,0.003137364808496922,0.005610937644794701,-0.00472441505132424,-0.0010865908051752547,0.008731830170071404,-0.00039546809531506455,-0.0051882676012985395,-0.0019339490429035123,-0.0008776051946167462,-0.00502126335118327,-0.0017460864387492583,0.005753077469004947,0.0025853576641372586,-0.003044077677577113,0.001432589379760464,0.00024158236813111102,-0.00032692580004837444,0.0004806177176585516,-0.00034753772120327384,0.0007735941158058467,0.0006728228007646912,-0.00041411058220255226,-0.0,0.0,0.0,0.0,0.0,0.0,0.0,0.0,0.0,0.0,0.0,0.0,0.0,0.0,0.0,0.0,0.0,0.0,0.0,0.0,0.0,0.0,0.0,0.0,0.0,0.0,0.0,0.0,0.0,0.0,0.0,0.0,0.0,0.0,0.0,0.0,0.0,0.0,0.0,0.0,0.0,0.0,0.0,0.0
HP169,293,-0.02605383026698241,0.0907666850100564,-0.04744118581895793,-0.01744464382445993,0.001546197944402425,0.01487057807224879,-0.0012659208770874788,-0.017214114248525533,-3.118251650849554e-05,-0.019781946627398406,0.01655338053331229,-0.00708622928871775,-0.001617758815642288,-0.0009529647312934574,-0.012496851607912585,-0.011973059136517299,-0.0034412814293290988,0.003936998875811835,0.0016730074015838497,-0.007377860008407614,0.0029459641370103997,-0.0012734120051738872,0.0022270087462412124,0.0010360504607404562,-0.0012219743673975742,0.0031319361559561335,-0.0011412222140595237,-0.00047459510235138753,-0.0028402100263543923,0.0002767302413261492,0.0003960793678082226,0.0013196983699188772,-0.0014796926997979593,-6.514819388400318e-05,-0.0005691507624844656,-0.0005733551430713581,-0.0001007428744572483,-5.315713880904078e-05,0.0001520990105428094,-0.0,0.0,0.0,0.0,0.0,0.0,0.0,0.0,0.0,0.0,0.0,0.0,0.0,0.0,0.0,0.0,0.0,0.0,0.0,0.0,0.0,0.0,0.0,0.0,0.0,0.0,0.0,0.0,0.0,0.0,0.0,0.0,0.0,0.0,0.0,0.0,0.0,0.0,0.0,0.0,0.0,0.0,0.0,0.0
HP172,296,0.18786315656213506,-0.04106570623145284,-0.011303672840380223,0.03484669614684297,0.02612272858415145,0.0745728342571942,0.07692069146339402,-0.030373204858272617,-0.028948411972583642,-0.019259736756749222,0.02136110587158033,-0.00329143759930795,0.013377987852008074,-0.024451716937081144,0.013747860206489824,-0.008406646615387758,-0.005591449150942392,0.003122600296924441,-0.0009700538554776636,0.00502033546649576,-0.0013827403719891248,-0.00016221219291368257,0.0017652633195195141,0.001702711325040472,0.0037512860860483225,-0.0008009327501270864,-0.002090396143031938,-0.0008534913646943631,-0.0004627113105783169,-0.0002969105228339493,0.000355965727177902,0.0003875855053710991,5.30347257065915e-06,-1.1880326614623746e-05,-0.00016150471908501552,1.3451672102579004e-05,0.00016407530679538547,-6.162137961145452e-05,1.0353643874604886e-05,-0.0,0.0,0.0,0.0,0.0,0.0,0.0,0.0,0.0,0.0,0.0,0.0,0.0,0.0,0.0,0.0,0.0,0.0,0.0,0.0,0.0,0.0,0.0,0.0,0.0,0.0,0.0,0.0,0.0,0.0,0.0,0.0,0.0,0.0,0.0,0.0,0.0,0.0,0.0,0.0,0.0,0.0,0.0,0.0
HP173,297,-0.08873066975922357,-0.005193770151363538,0.031799505748344996,0.023208353999458777,0.003408377869287957,-0.018666923180896033,0.01526735372007295,0.006012555202552151,-0.001192378134379665,2.7963211177507667e-05,-0.0029757224791031383,0.0030227198385593666,0.006328106255550057,0.0003729743272591158,0.004930642538345354,-0.00908003423206673,-0.0009934315837038983,-0.012161061244435592,-0.00259671998814596,-0.0025216323578277516,-0.001713640407546739,-0.0018012300812623495,0.007581499961207185,-0.00877928200428774,0.004652637518817063,0.003031136046054849,0.0027785167033337363,-0.0006690276000371717,-0.001910071161882219,0.001068966639989495,0.002311145441785476,-0.0028380354933049694,0.0015829213967907512,-0.0002860633548375528,-0.0006100188588980167,6.82723712646682e-05,0.00018193091533074657,0.00023968042342081578,-6.284263629881966e-05,-0.0,0.0,0.0,0.0,0.0,0.0,0.0,0.0,0.0,0.0,0.0,0.0,0.0,0.0,0.0,0.0,0.0,0.0,0.0,0.0,0.0,0.0,0.0,0.0,0.0,0.0,0.0,0.0,0.0,0.0,0.0,0.0,0.0,0.0,0.0,0.0,0.0,0.0,0.0,0.0,0.0,0.0,0.0,0.0
HP176,300,0.2435585815057836,0.02589213753814591,-0.01801717861877278,-0.00917738070347733,0.032463289340983095,-0.004244772635844419,0.006750942764337649,-0.01954498578098528,-0.013652372681927333,-0.0001219946836292103,0.02552140706351487,0.026330741236454475,0.02566607533584801,0.00019768131757163517,0.0005159793793473272,0.0012037353914485535,0.0043499875777846305,-0.008093563873377682,0.0029774083857298885,0.005635477621986419,0.00039907009157255576,0.0033664125376094115,-0.01092641932686853,-0.0020282981920862874,-0.002663721764538116,-0.001020867212912118,-0.00030502787751052174,0.00019324380145571118,0.001107802432594556,0.0011833568336242018,0.0002506258271234923,-0.00092375531754467,5.0617781657180605e-05,-0.0003122324024216983,-0.0003160739412599353,-5.349259739611622e-05,0.00018352014550518982,-5.1759346280505284e-05,5.7548081653469175e-05,-0.0,0.0,0.0,0.0,0.0,0.0,0.0,0.0,0.0,0.0,0.0,0.0,0.0,0.0,0.0,0.0,0.0,0.0,0.0,0.0,0.0,0.0,0.0,0.0,0.0,0.0,0.0,0.0,0.0,0.0,0.0,0.0,0.0,0.0,0.0,0.0,0.0,0.0,0.0,0.0,0.0,0.0,0.0,0.0
HP179,303,-0.09504552994127435,-0.02288518315583411,0.0022507137685101953,-0.0006459045413834648,0.017185271057709797,0.006180417464894997,-0.006955197842927358,-0.0011111057776872478,-0.005995461478248145,-2.625750047620929e-05,-0.0008373694473658465,0.002941307593678941,-0.0002930150901384672,-2.413444978375972e-05,-0.002245312947482616,0.000956229954124241,-0.00019691940715800562,0.0015401689534184932,-0.0011143991827654363,-3.1063132718514595e-05,-0.001786029819866893,0.004138066107389204,-0.0014469019998129805,-0.0032455319124411724,-0.0026964191325385945,-0.0028385045946352247,-0.00010749329538576905,0.0038133969897681096,-0.002567675128096298,0.00012778948662370415,0.0009824951367125977,-0.0027549260831228294,-0.002487335525599681,0.0009056398487763651,-6.577709105300515e-05,-0.0004880018311204327,-0.001857322407933412,-0.0008969064126220371,0.0002755757787360275,-0.0,0.0,0.0,0.0,0.0,0.0,0.0,0.0,0.0,0.0,0.0,0.0,0.0,0.0,0.0,0.0,0.0,0.0,0.0,0.0,0.0,0.0,0.0,0.0,0.0,0.0,0.0,0.0,0.0,0.0,0.0,0.0,0.0,0.0,0.0,0.0,0.0,0.0,0.0,0.0,0.0,0.0,0.0,0.0
HP182,306,-0.08959786325606706,-0.008442379859274075,0.02553647738544362,0.024854587743559458,0.00022713970991479094,-0.0200431582159976,0.012601682406184011,0.001292371020155718,-0.0077244308428819596,0.008232961454558456,0.0041992501641429335,0.0003609999343447825,-0.0008382778811791503,-0.003526711193591664,-0.0018507411874093644,0.0010172785511542819,-0.0004968547558349824,-0.0016120316413864885,0.00032437713557369364,-0.0018830945543951846,-0.00408148263242333,-0.0014013026046783826,0.0014077881317367414,0.0022720127164231113,0.004457318341557032,-0.0052663686386986526,0.00348047160848031,-0.006712735201398628,-0.0016441698959486998,0.001915053901713374,-0.0040255025747450894,-0.0012081082340111905,-5.376676397779584e-06,0.0002852059018145548,-0.0025439953498168034,0.0004554848783220232,-0.0008402744823025626,-0.00029826528946678066,0.0011105914032161388,-0.0,0.0,0.0,0.0,0.0,0.0,0.0,0.0,0.0,0.0,0.0,0.0,0.0,0.0,0.0,0.0,0.0,0.0,0.0,0.0,0.0,0.0,0.0,0.0,0.0,0.0,0.0,0.0,0.0,0.0,0.0,0.0,0.0,0.0,0.0,0.0,0.0,0.0,0.0,0.0,0.0,0.0,0.0,0.0
HP192,316,0.15974482511568805,-0.06357818413706563,0.00828797449068151,0.014419449679137004,0.025281878509775434,-0.011940843052441015,-0.030022788676566662,0.009736578367512025,-0.05976551209467378,0.020287989225784658,-0.01742581229908198,-0.027515347401041623,0.004564105869432719,0.029599952765033553,0.028501299164465106,-0.01151582340004132,0.0034500459032356986,0.006516238718878474,0.00034020781422353753,0.0038170091340167167,0.0016673106090379895,0.0003146348310020337,0.0018369201361387209,0.0017129981318990961,-0.001985119238223878,0.0028784392737759837,-8.91666402011958e-05,0.0009398516681082795,-0.00031146942790425596,-0.0002878135677549003,-0.00012584273244435,-0.0003135460620846976,-0.00021702922987044666,-2.4026268113789183e-05,-0.00017516489011476193,6.70166593736214e-05,-8.639147994028864e-05,-1.6581478960849263e-05,4.5615269574480044e-05,-0.0,0.0,0.0,0.0,0.0,0.0,0.0,0.0,0.0,0.0,0.0,0.0,0.0,0.0,0.0,0.0,0.0,0.0,0.0,0.0,0.0,0.0,0.0,0.0,0.0,0.0,0.0,0.0,0.0,0.0,0.0,0.0,0.0,0.0,0.0,0.0,0.0,0.0,0.0,0.0,0.0,0.0,0.0,0.0
HP194,318,0.3479485515847327,-0.10159953222540594,0.016961196597795825,-0.08322998780429618,-0.041078236359685986,-0.019711958721530327,-0.031408566794809974,0.02835507518728618,0.0018359881388221625,0.01922431581849243,0.00944713864622353,0.0160832574510151,0.04424919976540988,-0.007665698022823572,0.011051456485878582,0.008103887375598966,-0.016694497354067746,0.005957131995445263,-0.0002026488272004112,-0.004518586458685399,0.0028456948039326958,0.0005517255749659761,0.001171569278497793,-0.00011147842767523941,-0.0008446419024724326,-8.11674121066955e-05,0.0007511301167145936,0.00013221404602682812,-0.00034314244640850977,-0.00011788057665206146,-0.0006867895997964003,-0.0007265205435264998,-0.0007069409469749899,0.00011205074882927743,0.0005245967622557334,0.0005995816613391192,-1.1427038744210569e-05,0.00022706846902211471,-6.260606192749009e-05,-0.0,0.0,0.0,0.0,0.0,0.0,0.0,0.0,0.0,0.0,0.0,0.0,0.0,0.0,0.0,0.0,0.0,0.0,0.0,0.0,0.0,0.0,0.0,0.0,0.0,0.0,0.0,0.0,0.0,0.0,0.0,0.0,0.0,0.0,0.0,0.0,0.0,0.0,0.0,0.0,0.0,0.0,0.0,0.0
HP199,323,-0.04859029341220034,0.07618903777123688,0.017589776387018162,-0.028501850598401393,-0.008816729891684062,-0.03132217542288596,0.019102423669909,0.004887174972886349,-0.006472417227929795,0.0007983975409989154,0.0021457467544989373,-0.01027291507663037,-0.003418493989580284,0.0018518723968419216,-0.0024245745803394706,0.0011952143009501188,-0.0020154398433278307,0.007416963311990826,0.001182665814513583,0.0012452333821811419,0.00017660034126395268,-0.0061503789009019465,0.0048981087179693706,-0.007651725681366918,0.0023252981093455725,0.0007816441137945577,-0.0024989474396712,-0.0021939177344462756,-0.0024874239752148064,0.0007952083996466752,-0.0006665184958493004,0.0011155092170318486,0.0008222817077034786,-0.00019320744295887017,0.0005470607702828954,0.0010061384965011945,-0.0009415708468777268,0.00017025016505043007,-0.00017897559283022897,-0.0,0.0,0.0,0.0,0.0,0.0,0.0,0.0,0.0,0.0,0.0,0.0,0.0,0.0,0.0,0.0,0.0,0.0,0.0,0.0,0.0,0.0,0.0,0.0,0.0,0.0,0.0,0.0,0.0,0.0,0.0,0.0,0.0,0.0,0.0,0.0,0.0,0.0,0.0,0.0,0.0,0.0,0.0,0.0
HP200,324,-0.08980605442579383,-0.008858559101420985,0.024034531264856798,0.023679275631767187,-0.002852606034906573,-0.01623309562113946,0.016808517486399277,0.0042970939801855275,-0.005305151403619424,0.0072618557408074755,0.005530086779660304,-0.002203968834000259,-0.0017611961885508867,0.0017785439057999108,-0.0031012818497248833,0.0049236446325919715,-0.00229555475159847,7.79945501420159e-05,-0.0009830200261541997,0.002071616011586924,0.009480784266841527,0.0007982182124012148,-0.0004775079288541879,-0.0010077511588442458,-0.0016494337478155888,-0.002479744128601496,-0.0021973635829275278,0.002909792923118036,0.00311015882105072,0.0024690646462783724,0.0004775365462933805,0.002941523275567974,-0.0010170525514585627,-0.0001323600174620102,-0.0023799016912501576,0.0002853310249392583,-0.000716233460543626,-0.0004145801833383511,0.00038224788228455114,-0.0,0.0,0.0,0.0,0.0,0.0,0.0,0.0,0.0,0.0,0.0,0.0,0.0,0.0,0.0,0.0,0.0,0.0,0.0,0.0,0.0,0.0,0.0,0.0,0.0,0.0,0.0,0.0,0.0,0.0,0.0,0.0,0.0,0.0,0.0,0.0,0.0,0.0,0.0,0.0,0.0,0.0,0.0,0.0
HP202,326,0.014154426558474032,0.14726395007782442,0.0011554354066895206,0.02561239821318458,-0.036077703681697756,0.0026743074488004654,0.014052082277041323,-0.021786378816636896,-0.008035703816628785,0.028398304963229627,-0.02856151599627635,0.002605591921636175,-0.014173052810584633,0.0021017731278152093,0.001784926738217556,0.007351248606166961,0.004528012243025927,0.0009132954422552904,-0.013084963455583255,-0.009982338847601796,0.00041966144868850686,0.0009397327226287082,-0.001460733353934572,-0.004285235809753034,-0.0010089478082481113,-9.068325094353644e-05,0.002407848133091322,-0.0008628999031236184,0.0021999343737360536,0.0004441981173593594,-0.00022116679705974182,0.0002936958604355373,0.0016095864226779943,4.3276821924676584e-05,-0.0002340171795859699,-0.00022216929266268896,0.0001547776720892424,7.372329508484218e-05,0.00017178428920521766,-0.0,0.0,0.0,0.0,0.0,0.0,0.0,0.0,0.0,0.0,0.0,0.0,0.0,0.0,0.0,0.0,0.0,0.0,0.0,0.0,0.0,0.0,0.0,0.0,0.0,0.0,0.0,0.0,0.0,0.0,0.0,0.0,0.0,0.0,0.0,0.0,0.0,0.0,0.0,0.0,0.0,0.0,0.0,0.0
HP204,328,0.29867098737776443,0.034840054554593144,-0.06593144492691537,0.011716642895920415,0.13559082397724687,-0.0909562500157833,-0.008744132949526744,-0.0037089020551474843,0.07080926368544938,0.006810881996479294,-0.0316710003307537,0.0022766510407852742,0.005768237559296282,-0.0081414905895732,0.0025292338575288236,-0.0006238026873911671,-0.0023283782753534387,0.003994820252132434,0.0011953128102659472,0.0013727904889722945,-0.0005153783554404707,-0.0005632206494935161,0.0019341706134475855,0.0007328960613268294,0.002704303222575288,-0.0009501184531032259,-0.0009089513545531674,-0.00035967625567942036,-8.628237064628211e-05,-1.5119239616009603e-05,0.0004733068863077077,0.0005882700180375525,0.0005337576083419386,-2.6286323699120705e-05,-0.00030122490394613713,-0.00031317907192351577,-2.93267061499018e-05,-0.00015008695890420518,5.865585598576132e-05,-0.0,0.0,0.0,0.0,0.0,0.0,0.0,0.0,0.0,0.0,0.0,0.0,0.0,0.0,0.0,0.0,0.0,0.0,0.0,0.0,0.0,0.0,0.0,0.0,0.0,0.0,0.0,0.0,0.0,0.0,0.0,0.0,0.0,0.0,0.0,0.0,0.0,0.0,0.0,0.0,0.0,0.0,0.0,0.0
HP205,329,-0.08966791233484027,-0.009954574448392829,0.027377772620359477,0.024947560417728266,-0.00011026487353408952,-0.023111360416550732,0.013819186436378899,0.004581667636675116,-0.00921997140053005,0.009871674355883908,-0.000959345167624958,0.0042198649164951856,-0.005289802835178995,2.3294035776215e-05,-0.0008769450091031596,0.0013102491385318144,-0.005144084481324234,-0.012342346275781079,0.0010650455145033693,-0.006673454583467137,-0.0012010686289342374,-0.00858792770588324,-0.007510265575211202,0.0015409872121977877,-0.003422627556123463,0.0003767693111499409,-0.0013054651607172052,-0.003998152282382516,-0.0019328561156533404,-0.0012799941427006052,0.0006867136889132876,0.002244620223431971,-0.00047578379949529437,0.0006180341853744955,0.0011915835550317944,0.00033292998145460534,0.001261291047901707,0.00018596214620143046,-0.0006184795099283503,-0.0,0.0,0.0,0.0,0.0,0.0,0.0,0.0,0.0,0.0,0.0,0.0,0.0,0.0,0.0,0.0,0.0,0.0,0.0,0.0,0.0,0.0,0.0,0.0,0.0,0.0,0.0,0.0,0.0,0.0,0.0,0.0,0.0,0.0,0.0,0.0,0.0,0.0,0.0,0.0,0.0,0.0,0.0,0.0
HP206,330,-0.050367341792625905,0.042052010948042166,-0.012685166170421121,0.08854771926284524,-0.0010785196013508925,-0.018518638035916773,0.011359548262541142,-0.024438580122837086,0.017082935562334495,-0.03240252190148667,-0.01766393680465657,-0.007911307974804153,0.0003832227148564225,0.0013599162957204803,0.005653394920622304,-0.006397498941735449,-0.010675918049733507,0.00753916176157645,0.000525231499537679,0.0023273817085407464,0.0039001462800280755,-0.0008081740627847421,-0.004587073998505177,-0.0019343013156282957,0.0004555427423168529,-0.0035609326393528686,0.000885773299232798,-0.0003579676479324378,0.001271196926444607,0.0005496614411253424,-0.0007579345966425285,-0.0016846388378032229,-0.0005472728017919032,-9.05448054328966e-05,5.9334222283014164e-05,0.0006159383383808363,0.0001297339545157008,0.00010867667157027659,-3.1470527381995796e-05,-0.0,0.0,0.0,0.0,0.0,0.0,0.0,0.0,0.0,0.0,0.0,0.0,0.0,0.0,0.0,0.0,0.0,0.0,0.0,0.0,0.0,0.0,0.0,0.0,0.0,0.0,0.0,0.0,0.0,0.0,0.0,0.0,0.0,0.0,0.0,0.0,0.0,0.0,0.0,0.0,0.0,0.0,0.0,0.0
HP208,332,0.27046987764066066,0.023853707965804025,-0.002771328744786045,-0.016126984751924752,0.023791647991923515,0.047045808893284725,0.03748549940445874,-0.008871938068436726,-0.0026993942082312494,0.024412287679858657,0.005831286448321129,0.04950280290740307,-0.036348312930698914,0.020361519096088458,0.01208470301308652,0.0002160945653949687,0.010033648270171837,-0.0011431412800807011,0.005133795957831606,-0.0012913130859952813,-2.161760266294625e-05,-0.0015571251349487407,0.0005790553659592153,-0.00034112158934498167,-0.005058514155807302,-0.0002975396896236236,0.0037368653677273904,0.0014116385617707196,0.0009980439878849979,-0.00035136794544419315,-0.0010130947175616938,-0.0010176628223817722,0.00012565758987587953,0.0002376676436928283,0.0007147710566781314,0.0003936962092913077,-0.0002402245943630634,0.00015080573664993544,-2.7533501302224553e-05,-0.0,0.0,0.0,0.0,0.0,0.0,0.0,0.0,0.0,0.0,0.0,0.0,0.0,0.0,0.0,0.0,0.0,0.0,0.0,0.0,0.0,0.0,0.0,0.0,0.0,0.0,0.0,0.0,0.0,0.0,0.0,0.0,0.0,0.0,0.0,0.0,0.0,0.0,0.0,0.0,0.0,0.0,0.0,0.0
HP220,344,-0.06722586024080181,0.021100400061708574,-0.03207100647689142,0.05330259922692708,0.008610719276953026,0.027296948901904254,-0.00978238457193491,-0.027749051406192642,-0.0015031701993704248,-0.014563517474526588,-0.0001834253270813831,-0.001410641944026904,0.017531618986044703,-0.012378063434467962,0.004917436423255334,0.020108744821863558,0.008326341996202172,-0.009071160667498508,-0.0012077873773038159,-0.00034485935803356036,-0.00031466624495871055,-0.0018022631372969448,0.00020177546494620243,-0.0026638902526210486,-0.0024928610504134706,0.0013210428921403006,0.001778229078061354,0.001219846638428223,0.0010973498228382505,-0.0002587516531966482,-0.0003740494235090236,0.0004177764480637802,0.000502877784439013,3.2871318717268876e-05,-0.00010134837944060943,-0.00025694678463482015,5.114540459038762e-05,-5.7581144271125025e-05,2.2870988290026818e-05,-0.0,0.0,0.0,0.0,0.0,0.0,0.0,0.0,0.0,0.0,0.0,0.0,0.0,0.0,0.0,0.0,0.0,0.0,0.0,0.0,0.0,0.0,0.0,0.0,0.0,0.0,0.0,0.0,0.0,0.0,0.0,0.0,0.0,0.0,0.0,0.0,0.0,0.0,0.0,0.0,0.0,0.0,0.0,0.0
HP227,351,-0.09466749833243517,-0.021464592008095074,0.003065058100152655,-0.00028629025640016095,0.021311143810201185,0.00368724333828625,-0.008345208854159212,-0.0013961193214517742,-0.0032571043793922835,-0.0010286228908144162,-0.002127473479084001,0.0035154202251688337,0.0025590337078814787,-0.0018496835212491027,0.0017247826904041577,-0.0020124703237565378,0.002377081406056501,-0.003698021419096104,-0.0021747360976873847,-0.00018948471396138054,-0.0015564738784119147,0.000786476569395038,0.003175029280510844,0.0003552045008273479,0.00035544359865403324,-0.001524133800287617,-0.00042840611295985245,-0.005668416364299182,0.0032272217690296513,-0.005833789541993547,0.0005539152476247991,0.0006262979814483382,-0.0012080377299822317,-0.000677479833391615,0.00045044008702917947,-0.001706558326825398,0.0010957458202731087,-0.0010614036747427452,0.0002868202804423516,-0.0,0.0,0.0,0.0,0.0,0.0,0.0,0.0,0.0,0.0,0.0,0.0,0.0,0.0,0.0,0.0,0.0,0.0,0.0,0.0,0.0,0.0,0.0,0.0,0.0,0.0,0.0,0.0,0.0,0.0,0.0,0.0,0.0,0.0,0.0,0.0,0.0,0.0,0.0,0.0,0.0,0.0,0.0,0.0
HP232,356,-0.09503649850636699,-0.02274796294276758,0.002443129470574448,-0.0006718391412316845,0.016705156247917352,0.005847172973300013,-0.008234791463939063,-0.0026000163474569214,-0.007671666824049563,0.0004890037719730357,0.0004399832865942214,0.002824945003239651,-0.0006858228581895671,-0.0008802756760022578,-0.00030564349806695316,-0.0012978338798732057,0.00032565263523147783,-0.003142023597419454,0.0003908471093813291,-0.0017428920425011363,0.0051340314139596615,0.0015594198345973685,-0.0027945119309895103,-0.004345438954431355,0.0024307796686777205,-0.004728460948845773,0.002510951457767727,0.001355951622353641,-0.0020932226466589565,-0.0008940257297009418,0.0015021889685714533,4.0590015398619184e-05,-0.0003633681932950907,0.0004269563689629967,-0.0026836969863679398,-1.9697812251183662e-05,0.0012687463103849765,-0.0002421405667443874,-0.001402954473401153,-0.0,0.0,0.0,0.0,0.0,0.0,0.0,0.0,0.0,0.0,0.0,0.0,0.0,0.0,0.0,0.0,0.0,0.0,0.0,0.0,0.0,0.0,0.0,0.0,0.0,0.0,0.0,0.0,0.0,0.0,0.0,0.0,0.0,0.0,0.0,0.0,0.0,0.0,0.0,0.0,0.0,0.0,0.0,0.0
HP235,359,-0.08544027522087912,0.0012554268061055933,0.039740614778548525,0.025617374120816532,-0.0033526297900106335,-0.008360030283719594,0.0036381385809240783,-0.0025162173518832407,0.020400310353692656,0.01301077967141805,0.033117680198573675,-0.026055057709553946,-0.0028448738454351615,0.011635392889449194,0.006313977054036494,-0.00720451397385707,-0.0024719908683605756,-0.0006045147065747118,0.00011625323139697272,0.002443798581328203,0.0030584613655041237,0.004147148527119341,-0.00209713643574714,-0.0026477868473286092,-0.0011630218201889675,0.0025306711727399434,0.0005988296694029592,0.000983652639516346,0.0006399140630816114,-0.0004917338408685257,0.0003417356427232155,0.0005326249607822887,1.8354867378445755e-05,-0.0004446580250328631,0.00047621921106765646,9.357852808487443e-05,0.00022891342436412465,2.187586285779215e-05,-0.00011520061009256186,-0.0,0.0,0.0,0.0,0.0,0.0,0.0,0.0,0.0,0.0,0.0,0.0,0.0,0.0,0.0,0.0,0.0,0.0,0.0,0.0,0.0,0.0,0.0,0.0,0.0,0.0,0.0,0.0,0.0,0.0,0.0,0.0,0.0,0.0,0.0,0.0,0.0,0.0,0.0,0.0,0.0,0.0,0.0,0.0
HP236,360,-0.11089507322555389,-0.054746564169803384,-0.013546301197477191,-0.01577154616764553,-0.03184656665149106,-0.005547213372756275,-0.0072886293046558375,-0.010112677270388835,-0.0017544508659020923,-0.002598386901232206,-0.008391510052862807,0.006745944503103231,0.0007102660873474437,-0.008720407705036081,-0.004547003640163798,0.00368268059259185,0.00825808526452148,0.012723343084913118,0.00980321811765182,-0.004520832407623416,-0.012188346603781531,0.0006514111649819538,-0.0014009900603429587,-0.002060384096251318,0.003775599679791398,0.001974909138614712,-0.0027820789143678587,-2.774455963442172e-06,0.0015969317192149736,-0.000676882210712316,-0.0005244226529084378,-0.0015560817455637732,-0.001711047406722008,0.0007424987378598023,1.985880848287187e-05,-0.0009575438126414575,-1.1351764230183475e-05,0.00013246650195901873,0.00033203201809366454,-0.0,0.0,0.0,0.0,0.0,0.0,0.0,0.0,0.0,0.0,0.0,0.0,0.0,0.0,0.0,0.0,0.0,0.0,0.0,0.0,0.0,0.0,0.0,0.0,0.0,0.0,0.0,0.0,0.0,0.0,0.0,0.0,0.0,0.0,0.0,0.0,0.0,0.0,0.0,0.0,0.0,0.0,0.0,0.0
HP238,362,0.24071081882000134,-0.08816757090211158,0.05149716828724544,-0.0023822681355967507,0.03367341353595085,0.007441761712760033,-0.014131153207830024,-0.0041730155296602735,-0.0215210016090881,-0.0012335563055315172,-0.0021504152666310646,-0.003860720008072187,0.005194797386906402,0.01906158229765234,-0.01796065205629744,0.009989776712769577,-0.005902729233637543,-0.013007542549674244,0.0035907077070067303,0.010429136045503816,-0.00817951056789868,0.00021811509952014487,0.00040334447485023414,0.000626536656742102,0.0057250182357288125,-0.004849316551821222,-0.0029014725384205117,-0.00035199212154773566,0.00040830694743236264,-0.0004025099763323823,0.0011450911212751928,0.0007916778108423175,0.001306170110384607,-2.829267188540359e-05,-0.0002928020015512458,-0.0006148245356374589,0.00021991825573642752,-0.0002678585253394881,5.0619656915426953e-05,-0.0,0.0,0.0,0.0,0.0,0.0,0.0,0.0,0.0,0.0,0.0,0.0,0.0,0.0,0.0,0.0,0.0,0.0,0.0,0.0,0.0,0.0,0.0,0.0,0.0,0.0,0.0,0.0,0.0,0.0,0.0,0.0,0.0,0.0,0.0,0.0,0.0,0.0,0.0,0.0,0.0,0.0,0.0,0.0
HP241,365,-0.09505563154993138,-0.022344683488774216,0.004531579704509512,-0.0012254772686083766,0.01777076312954501,0.006248818457275187,-0.007855500770690025,-0.0012743745605156066,-0.005360382017056253,-0.0017068486132538671,-0.0017462158013244172,0.0037437730716993836,0.0007248695597749031,-7.266605121318275e-05,0.00046219839482645406,-0.002703002686934264,-0.00036771517866138653,-0.0026022635977726066,0.0005266834464581244,-0.0017027216502272745,-0.00018399534023766145,0.0020346202525567173,-0.0046344828500868495,-0.005453434363365958,0.0024427255065044584,-0.0007990771597398576,0.003673823269610465,0.0032303917411857664,-7.181277751922931e-05,-0.0011619948812453841,-0.0006821697616613475,0.0033160151615412945,-0.00241273065691519,0.001011079923960731,0.0016763112605264513,-1.0706466689292196e-05,-0.0006353114342029975,-0.0007456563898091116,7.576909087447851e-05,-0.0,0.0,0.0,0.0,0.0,0.0,0.0,0.0,0.0,0.0,0.0,0.0,0.0,0.0,0.0,0.0,0.0,0.0,0.0,0.0,0.0,0.0,0.0,0.0,0.0,0.0,0.0,0.0,0.0,0.0,0.0,0.0,0.0,0.0,0.0,0.0,0.0,0.0,0.0,0.0,0.0,0.0,0.0,0.0
HP244,368,-0.0947380609212816,-0.024586813251430167,0.006597606837422784,-0.002063113741785976,0.015343532359714378,0.013169356235909584,-0.005659866684980535,-0.0006134554848536239,-0.005852710718473368,-0.005647908146834395,-0.0037605544919514042,0.001018707985265146,-0.00015829609873460932,0.0069733740440685605,-0.0014358850175507456,-0.007517085160820195,-0.007046343101436771,-0.0032190289388878976,0.015411234626846423,-0.011562019779248735,-0.0011338621794530614,0.0005702331265570938,-0.0024033496486262364,0.007755541793726395,0.005209997625062402,0.0074780081017460885,0.002572154296943617,0.0014930522293827816,0.0008284330143684946,-0.0007243367644163608,0.0002122747149417344,0.0012656322986657773,-0.001211181763687008,0.0002755074934717055,-0.0009631372547923622,-0.002078565169007638,-0.0004011118562011166,-0.00017387027055170063,2.6675057130817626e-05,-0.0,0.0,0.0,0.0,0.0,0.0,0.0,0.0,0.0,0.0,0.0,0.0,0.0,0.0,0.0,0.0,0.0,0.0,0.0,0.0,0.0,0.0,0.0,0.0,0.0,0.0,0.0,0.0,0.0,0.0,0.0,0.0,0.0,0.0,0.0,0.0,0.0,0.0,0.0,0.0,0.0,0.0,0.0,0.0
HP247,371,-0.09535803737922141,-0.023729624645929676,0.003524583623478932,-0.0011363496291079448,0.013472990878295949,0.008694956900753503,-0.007471126514320791,-0.003906843913974528,-0.010156162085658013,-0.00017226819027287598,0.0008586946987516268,-0.00018882201066043234,-0.002631575571626598,0.0013536340576492533,-0.000481979158818546,0.002856575928065337,0.003134419784237482,0.003263218938413988,0.0076089719037765935,-0.004178108366591213,0.0040860860262571215,-0.0008395618285993808,0.008441839064409836,0.002604797862250112,-0.003801082527901968,-0.007424289671407934,0.0038017172670383997,2.2956717917287923e-05,-5.8575440989088054e-05,0.0011323111543142862,0.0001791640059179483,0.0006846528361985772,0.0011157655159253366,-0.0015024667059376595,0.0017069802083282926,0.00010109373046115997,-0.0007493463850174949,0.0003641786517566648,0.00032796657864837413,-0.0,0.0,0.0,0.0,0.0,0.0,0.0,0.0,0.0,0.0,0.0,0.0,0.0,0.0,0.0,0.0,0.0,0.0,0.0,0.0,0.0,0.0,0.0,0.0,0.0,0.0,0.0,0.0,0.0,0.0,0.0,0.0,0.0,0.0,0.0,0.0,0.0,0.0,0.0,0.0,0.0,0.0,0.0,0.0
HP250,374,-0.0948340808835401,-0.021476987450714566,0.0051309202014590185,-0.0012655091566204694,0.020345311248874648,0.005278232969506644,-0.008245061887403796,-0.0011162733515062153,-0.0018579771226220458,-0.003008685387208716,-0.003067424826514553,0.00371381626446461,0.002835021039604515,-0.0011429835740017476,0.003181556647190773,-0.00010472726714641113,0.0025174425076810894,-0.005012691714394564,-0.003417109051131486,0.0020583750082370155,0.0012367450483433884,-0.0059968278750442226,-0.0014209570787796764,0.004598258563027334,0.00253972213398749,-0.0002691351257998185,0.0038023078067115175,0.00022617961322264428,-0.001186186407171514,0.0012153333948678995,0.0020435742673349418,0.004848696465492802,-0.0006180507293930028,-0.00026512957174550463,-0.0007060844481792132,0.0013855302885489933,0.0014290432636489298,0.0020659481630170527,0.0005875867151865192,-0.0,0.0,0.0,0.0,0.0,0.0,0.0,0.0,0.0,0.0,0.0,0.0,0.0,0.0,0.0,0.0,0.0,0.0,0.0,0.0,0.0,0.0,0.0,0.0,0.0,0.0,0.0,0.0,0.0,0.0,0.0,0.0,0.0,0.0,0.0,0.0,0.0,0.0,0.0,0.0,0.0,0.0,0.0,0.0
HP251,375,-0.08920494555984163,-0.007406885215242792,0.023800846781484943,0.025231489690926524,0.0015132909490284485,-0.020588522728799914,0.013364023167487249,0.0014356963854724725,-0.00481404690884432,0.008041549269197515,0.005065331502480188,-0.0013479266788574916,0.0006097806622211481,-0.004508071816854684,-0.002653679262913499,0.005205370476406022,0.0036165827899335345,0.0022835589686797607,-0.000814578995449598,0.004026546229814377,0.00013831997460102011,-0.006011484818823319,0.006128020725787134,0.0035576130431423728,0.007105873819902143,0.0006170838111333246,0.0020676988664456307,0.0035869047987465317,0.005730432796489469,-0.0023191623018069957,-0.0006834583713549384,0.0006105961372222729,-0.001694659346975244,0.00038187408655608374,0.002024586775204198,0.0015268813624656511,-0.0003810938270510845,-0.000490942233888024,-0.0009912429326170607,-0.0,0.0,0.0,0.0,0.0,0.0,0.0,0.0,0.0,0.0,0.0,0.0,0.0,0.0,0.0,0.0,0.0,0.0,0.0,0.0,0.0,0.0,0.0,0.0,0.0,0.0,0.0,0.0,0.0,0.0,0.0,0.0,0.0,0.0,0.0,0.0,0.0,0.0,0.0,0.0,0.0,0.0,0.0,0.0
HP258,382,0.17716757836148347,0.05304833353977038,0.007914290989048103,0.00197895800065288,0.0036472688540770373,0.024760131870549516,-0.03178034365517065,0.012099663716640676,-0.011246191442211213,0.017966356619572223,-0.02789901395458006,0.016297759600020292,-0.016989464048890363,-0.0017970014407728248,-0.007987574115239026,0.004400091532737686,0.004211871320835884,0.0015327875639902554,-0.004937249441134749,0.0019646937272283903,0.007014442856727595,0.013957991453322605,0.004779364614865132,0.003991451382794858,0.00856687183052494,0.0069861382302486294,-0.00326793653106575,-0.0029427644380326775,-0.004309996790431494,0.0002768594310672939,0.00027146413959504935,0.0013636554049338196,-0.0029205031310633026,-9.353763874408026e-05,-7.161964745343367e-05,0.00017122285909973925,0.00012770605908208008,0.00021579539977080822,-0.00012613131319853758,-0.0,0.0,0.0,0.0,0.0,0.0,0.0,0.0,0.0,0.0,0.0,0.0,0.0,0.0,0.0,0.0,0.0,0.0,0.0,0.0,0.0,0.0,0.0,0.0,0.0,0.0,0.0,0.0,0.0,0.0,0.0,0.0,0.0,0.0,0.0,0.0,0.0,0.0,0.0,0.0,0.0,0.0,0.0,0.0
HP259,383,-0.00874400664408494,0.1192644369046676,-0.002984491731226504,0.011661067523753869,-0.016590513148375254,0.002057264438703282,0.027370910570303,-0.014822158973536066,0.008048152256325602,-0.03167541249439005,-0.004965669131009543,-0.018346925191816202,0.023752676533989384,-0.0030257294964869622,0.007340735902359522,0.017756555988551512,0.010726024474224268,0.003959247956206688,0.0017363499649613546,-0.004913144613018162,0.0036896400495392357,0.007199476995997677,-0.003106859183578707,0.0031832749426058543,0.0015355155004577405,0.0012127234044780467,-0.0001391929240511855,-0.0011928171087888034,-0.00012969291186360754,-0.0004272183283332935,0.0006558654637253975,9.881046056085405e-05,0.00043547339896309127,6.664344354740964e-05,-4.4268003393135155e-05,-0.0003010917654046714,2.4243933020764193e-05,-8.78884389911374e-05,1.5224334006827557e-05,-0.0,0.0,0.0,0.0,0.0,0.0,0.0,0.0,0.0,0.0,0.0,0.0,0.0,0.0,0.0,0.0,0.0,0.0,0.0,0.0,0.0,0.0,0.0,0.0,0.0,0.0,0.0,0.0,0.0,0.0,0.0,0.0,0.0,0.0,0.0,0.0,0.0,0.0,0.0,0.0,0.0,0.0,0.0,0.0
HP264,388,-0.094877871171995,-0.021722161118225225,0.005496640271673769,-0.0018838106264368634,0.019315788352847304,0.006929094402144212,-0.0074779832389130245,4.371617084655891e-06,-0.002070034334437702,-0.0036146673781483046,-0.0034638199861595563,0.0037374583042377903,0.0021098310395285006,0.0010488136699822227,0.002744188139501398,-0.0023592988988020733,-0.00020612696977211003,-0.006258440314690098,-0.003681826395121118,0.0006727220950982389,0.0017781984595775817,-0.006317189896490704,-0.0064941867900054585,0.001507259811381294,0.004514768840120641,0.0027594099709105304,0.0036459114907142582,-0.0008675143673100977,-0.004091165806049116,-0.0005776194621896193,-0.004331471387652038,-0.0003181778118554601,-0.00029696880795287143,-0.00029492143347067615,0.0006763867088121499,0.0006838969238679087,-0.0001519674059200636,-0.0003098550451637489,0.00019600084917147694,-0.0,0.0,0.0,0.0,0.0,0.0,0.0,0.0,0.0,0.0,0.0,0.0,0.0,0.0,0.0,0.0,0.0,0.0,0.0,0.0,0.0,0.0,0.0,0.0,0.0,0.0,0.0,0.0,0.0,0.0,0.0,0.0,0.0,0.0,0.0,0.0,0.0,0.0,0.0,0.0,0.0,0.0,0.0,0.0
HP265,389,-0.04714790170048105,0.07856061303714096,0.016035536492377978,-0.028635039308941974,-0.004022773744800631,-0.03254171847442452,0.021024088003685285,0.007508786714505859,-0.0018529138621509076,0.00010686872110164531,0.001463690885408332,-0.010600257461123962,-0.0009858918770793371,0.0034618182451076913,-0.006943320689014834,-0.009256796222106612,-0.008781194240484376,-0.003587714786997863,-0.012198606669903038,-0.0010061170477292957,-0.0040533920897312045,0.004092831993259172,0.0016458028118545348,0.005769793989752455,0.00034935318546496636,-0.0015222034166100292,0.003930790641766221,0.0018392440782833157,0.0021846092519846633,-0.00013558093818545448,-0.0008465458404831611,-0.001760500420291068,-0.0015542935269663505,0.0004065099417837308,0.00020102727094445654,-6.027445981535104e-05,0.000358029232887114,0.000296009423972568,5.0574849440233756e-05,-0.0,0.0,0.0,0.0,0.0,0.0,0.0,0.0,0.0,0.0,0.0,0.0,0.0,0.0,0.0,0.0,0.0,0.0,0.0,0.0,0.0,0.0,0.0,0.0,0.0,0.0,0.0,0.0,0.0,0.0,0.0,0.0,0.0,0.0,0.0,0.0,0.0,0.0,0.0,0.0,0.0,0.0,0.0,0.0
HP268,392,-0.08920273386606292,-0.004375292618987596,0.032954020531247116,0.020116570196456494,0.002220958184136174,-0.015167519291735631,0.01591239676663623,0.004795658694917695,-0.00037122365106616464,-0.005302572710420298,-0.005036913176958501,0.00024703657699812957,0.01031946155995045,0.003821493404965613,0.0005903714681988504,-0.008900560322329306,0.008385192539908378,0.0038697251575902556,0.006483530280991152,-0.00994089605741,-0.008518140413218368,0.010517826154323822,-0.0018428734056432452,-0.0015772574367971354,-1.738899110880886e-05,-0.001484752572911954,-0.0028665669677235953,0.003237389063091661,-0.0023392972959239812,-8.083666420143963e-06,-0.00038051486598343436,0.0007115016523687957,7.672760191423601e-05,0.000741876893706814,0.0012004702807062973,6.134451830532958e-05,0.0004079775112308754,0.000590845544598461,0.000482958659969733,-0.0,0.0,0.0,0.0,0.0,0.0,0.0,0.0,0.0,0.0,0.0,0.0,0.0,0.0,0.0,0.0,0.0,0.0,0.0,0.0,0.0,0.0,0.0,0.0,0.0,0.0,0.0,0.0,0.0,0.0,0.0,0.0,0.0,0.0,0.0,0.0,0.0,0.0,0.0,0.0,0.0,0.0,0.0,0.0
HP270,394,-0.09460686767969506,-0.02177333429741941,0.0027996050437028804,-0.0006974777615595791,0.0192044409875868,0.006696316012138343,-0.006930039740082737,0.00020063526472295605,-0.005027356187840293,-0.0012514216777930855,-0.001555949170822811,0.002198284057467637,0.0015096280578532199,0.0022945438351529472,0.001335125833935013,-0.0034323069704934013,0.0005120309379470734,-0.00782634663981042,-0.003978519275521359,-0.0044516979319817445,0.00486047241616274,-0.0012070566623182068,-0.0027311998847903683,0.0012076275067503467,0.0019891201166431357,-0.0024856846308958782,-0.007940973042125323,-0.0052041349846310295,0.00017755760814671927,0.00046760404316317116,-0.0036555949664563523,-0.0043164222099862076,-0.0006344009304344924,-0.0019889349239168245,0.0004315116330420158,0.0002440289280670121,-0.0011545614172025283,9.876237856444619e-05,-0.0005136983081441674,-0.0,0.0,0.0,0.0,0.0,0.0,0.0,0.0,0.0,0.0,0.0,0.0,0.0,0.0,0.0,0.0,0.0,0.0,0.0,0.0,0.0,0.0,0.0,0.0,0.0,0.0,0.0,0.0,0.0,0.0,0.0,0.0,0.0,0.0,0.0,0.0,0.0,0.0,0.0,0.0,0.0,0.0,0.0,0.0
HP272,396,-0.09467563598324272,-0.02090117549216462,0.0065152249872111705,-0.0014216932000546546,0.02231324450480943,0.006965220092908777,-0.005606937021913019,0.0024546631691450996,0.002195097689818284,-0.0060612234885248075,-0.006309018723192351,0.0048582545080564825,0.005768859312084061,0.00208322015350641,0.00446548802104173,-0.0010309889231620475,0.0020110233447299653,-0.00782382121176307,-0.005088793742689252,0.0013480538417324107,-0.0028886800310335904,-0.004030045514130575,0.004535744715892382,-0.0002645178011205979,-0.0018045483064220717,0.006748561251754619,-0.0033281031379618583,0.005247565070614241,0.00039044072276907656,0.003917465385607741,-0.0005560008194984249,-0.0018332382603669169,0.0023042900482632927,-0.0011322539227533353,-0.0007242087662777644,-0.0007405826506612434,0.0005061694181106342,0.00024261993210294443,-0.00010070429387573175,-0.0,0.0,0.0,0.0,0.0,0.0,0.0,0.0,0.0,0.0,0.0,0.0,0.0,0.0,0.0,0.0,0.0,0.0,0.0,0.0,0.0,0.0,0.0,0.0,0.0,0.0,0.0,0.0,0.0,0.0,0.0,0.0,0.0,0.0,0.0,0.0,0.0,0.0,0.0,0.0,0.0,0.0,0.0,0.0
HP273,397,0.2585293328183893,-0.10165924729162579,0.05253684167639715,-0.005120857507831395,0.060922876175228485,0.034988333843008416,0.018871859022809873,0.028897104005830856,-0.000287839542618866,0.02387964800240881,-0.02102863862709597,-0.037343246638418676,-0.015411348945872903,-0.040988120313012064,-0.004778542504446785,-0.003072462403834065,0.00645441276400741,0.0020812542493707812,0.0018924375439892767,-0.007228530727084441,0.0044944093481502105,-0.0014106305268095632,-0.00296505669732867,-0.002426316481663215,-0.004734442963621139,0.0011157542968892663,0.0029701091918850333,3.788860192092989e-05,0.00041303823835807965,0.000708776404224961,-0.0005370192916186105,-0.00037409340158110744,-0.00010886587866632562,-9.426192146604518e-06,0.00025247315011434535,0.00014386446668210272,-0.00013733733371310608,0.0001154816246713232,-3.1718151857926885e-05,-0.0,0.0,0.0,0.0,0.0,0.0,0.0,0.0,0.0,0.0,0.0,0.0,0.0,0.0,0.0,0.0,0.0,0.0,0.0,0.0,0.0,0.0,0.0,0.0,0.0,0.0,0.0,0.0,0.0,0.0,0.0,0.0,0.0,0.0,0.0,0.0,0.0,0.0,0.0,0.0,0.0,0.0,0.0,0.0
HP275,399,-0.09479546247621286,-0.021937828496964126,0.0024607050327148275,-0.0001561821173521607,0.020867633217142183,0.0043320563922402775,-0.006854255747584641,-0.00017835866019312263,-0.0015976007027585126,-0.0010045530365242626,-0.002339749175708847,0.0033383910978812595,0.0023975721968730814,-0.0011318263684065217,0.00027672435678381484,0.0019210092628990222,0.002280855620593935,-0.0008111172714424361,-0.0038390429023154324,0.0028971036338674137,-0.0021308205577317157,0.0011212652089463283,0.004472217611319732,0.0025162388256696404,-0.003775520020526815,-0.0008498901112683882,-0.0037958835017896007,-2.3921909028739423e-06,0.0033827380921573162,-0.0004431783154155225,1.6029736748993083e-05,0.0007564079492827048,-0.0009977196124904436,0.003772049376061409,-0.0010308633529486153,-0.00047943485985622923,0.00033085632801274986,0.0004301391258088845,-0.00093767782884286,-0.0,0.0,0.0,0.0,0.0,0.0,0.0,0.0,0.0,0.0,0.0,0.0,0.0,0.0,0.0,0.0,0.0,0.0,0.0,0.0,0.0,0.0,0.0,0.0,0.0,0.0,0.0,0.0,0.0,0.0,0.0,0.0,0.0,0.0,0.0,0.0,0.0,0.0,0.0,0.0,0.0,0.0,0.0,0.0
HP280,404,0.11687474656400061,0.05847139886620814,-0.03696433916475723,0.008202390683395283,-0.013511162642502425,0.014270178226248733,-0.02588435559150196,0.047070506214795076,-0.01128678822013699,-0.014472055566476835,-0.0032376783149216503,-0.019302766594445152,-0.0016342437037205877,0.010876299062462992,-0.024409711902059057,0.006318022694860422,-0.0007593500219219082,-0.011333959996937273,0.012310985912945554,0.0033230986577008556,0.002997885537444098,0.00033315395402780086,0.001840300581185206,-0.0019118981491954945,-0.0032968732099624832,-0.0010765020608214193,0.002252972881272645,-0.00016591270162431956,0.0007321078373378856,2.7393519065649668e-05,-0.0007165207637203092,-0.0012820957372926829,0.001165347310413387,3.4426684666853064e-05,0.000358562027956864,0.0006630611737256821,-0.00010795030045353923,0.0003330322943364041,0.00012307724365571193,-0.0,0.0,0.0,0.0,0.0,0.0,0.0,0.0,0.0,0.0,0.0,0.0,0.0,0.0,0.0,0.0,0.0,0.0,0.0,0.0,0.0,0.0,0.0,0.0,0.0,0.0,0.0,0.0,0.0,0.0,0.0,0.0,0.0,0.0,0.0,0.0,0.0,0.0,0.0,0.0,0.0,0.0,0.0,0.0
HP281,405,0.014345856595301213,0.0685628839659738,-0.028262373459951258,0.02981062956529532,-0.017412152637143248,-0.010249523028960227,0.029714456385279978,0.032191240505425434,0.0039028649862121573,-0.006066980768959546,0.0331665164015568,0.01729885296214975,0.0025539858243762356,0.02251261436822226,0.0014678860344354925,-0.005794255555009045,-0.00480878595067686,0.006350754707202428,0.002028766080079883,-0.0013541721916733658,-0.004577154976045214,-0.006334347221424168,-3.7846285593516165e-05,0.0005413336803142388,0.0032978697829488166,-0.0016209648032543573,-0.0013121063100696602,-0.00031682070900439685,-0.0012329569251899935,0.000504856345381359,0.001041203718247804,0.0012672868887547786,-0.0002514609449320032,-0.00010230213097572732,-0.0003139956327996521,-0.0006567586757089637,5.672682469379231e-05,-0.0001223721040413128,-0.00013238704321747068,-0.0,0.0,0.0,0.0,0.0,0.0,0.0,0.0,0.0,0.0,0.0,0.0,0.0,0.0,0.0,0.0,0.0,0.0,0.0,0.0,0.0,0.0,0.0,0.0,0.0,0.0,0.0,0.0,0.0,0.0,0.0,0.0,0.0,0.0,0.0,0.0,0.0,0.0,0.0,0.0,0.0,0.0,0.0,0.0
HP283,407,-0.04726408089011145,-0.08161486412051178,-0.02433657904562603,-0.023603799303669064,0.0011616247811339518,0.08047333680856758,0.08929119239562784,0.06161393777445822,0.07233350200234905,-0.020504313241945987,-0.021681000749359837,-0.0023558938739319368,0.001029329822523189,0.019221892476715657,-0.0013614261587388261,0.00507106108856842,-0.0043812254140538605,1.4434569976193052e-07,-0.0017929777694028145,0.0002612842596549646,-0.0015112066196146879,-0.0007929853297402199,1.7996511311243716e-05,-0.0002567755685364813,0.0003970980287548591,-0.0004569145175508155,-0.0003843305329932299,0.00029908118410631914,-0.0003870448420832858,-2.2577469542937505e-05,-2.4015143394604983e-05,1.4305850629427826e-05,-0.00041842605390883845,1.9703292667424493e-05,0.00011801016123528049,5.9123923318802365e-05,4.5966244661649664e-05,1.3670515345580777e-05,-8.067418076114377e-05,-0.0,0.0,0.0,0.0,0.0,0.0,0.0,0.0,0.0,0.0,0.0,0.0,0.0,0.0,0.0,0.0,0.0,0.0,0.0,0.0,0.0,0.0,0.0,0.0,0.0,0.0,0.0,0.0,0.0,0.0,0.0,0.0,0.0,0.0,0.0,0.0,0.0,0.0,0.0,0.0,0.0,0.0,0.0,0.0
HP285,409,-0.10815088202937183,-0.04920381226690243,-0.003518634626471494,-0.014617371038547034,-0.03549334435948871,0.004621942723623037,-0.019449943182974376,-0.014709352323208677,0.03198578890682672,0.008649241259264686,0.025073810280141544,-0.0166294894309812,-0.008365823878845949,0.0017289007003210592,0.006393730464717963,-0.0004539219834138497,-0.0018866017129021205,-0.0035738690715678037,-0.0029454582105030657,0.004720045228965215,0.009811145241738664,-0.006296210675592223,-0.005277041343102136,-0.0012730015538400714,0.004872159111353869,0.004070243146528279,-0.00023807832748081964,0.0015737995636394958,0.001270556846835256,-0.0020437771825414374,0.00046487662503561357,-5.3329244717659444e-05,-3.2798911019806875e-05,-0.00034512340098379345,0.0009152899881251275,-0.0013401593660332387,-0.0007780300239146406,4.536456935710443e-06,0.00023175559566817832,-0.0,0.0,0.0,0.0,0.0,0.0,0.0,0.0,0.0,0.0,0.0,0.0,0.0,0.0,0.0,0.0,0.0,0.0,0.0,0.0,0.0,0.0,0.0,0.0,0.0,0.0,0.0,0.0,0.0,0.0,0.0,0.0,0.0,0.0,0.0,0.0,0.0,0.0,0.0,0.0,0.0,0.0,0.0,0.0
HP286,410,0.10080502528740053,-0.10002032197777766,-0.2109740149554476,0.050357585302675395,-0.01776757601275595,-0.02370198436894801,0.023782237468267044,0.004451609386287795,-0.021366907014600305,0.04609682274138611,0.029534862032919735,-0.012166650268108719,-0.010795567161311541,0.0013907667798645088,-0.0056077379081460555,0.0019277693822106093,-0.0015778424649457196,-0.0011983557733096558,-0.0012883031698604117,-0.002441357588855653,0.0011919889750969589,0.0023875471154592848,0.0009017764489459072,-6.730628155089133e-05,0.0005945172149302557,2.069110063575803e-05,-0.0009824564029016574,-3.8184056113208575e-05,-6.386343945263161e-05,-0.00025860202704960363,5.386444396428242e-05,-0.00019625037394746905,4.1038200496849763e-05,-1.0666118065530643e-05,-0.0001538228075281198,9.57787056758028e-05,1.5455546451150538e-05,6.0049263413094736e-05,4.763555987281769e-05,-0.0,0.0,0.0,0.0,0.0,0.0,0.0,0.0,0.0,0.0,0.0,0.0,0.0,0.0,0.0,0.0,0.0,0.0,0.0,0.0,0.0,0.0,0.0,0.0,0.0,0.0,0.0,0.0,0.0,0.0,0.0,0.0,0.0,0.0,0.0,0.0,0.0,0.0,0.0,0.0,0.0,0.0,0.0,0.0
HP288,412,-0.046274446071329085,0.073156671076888,-0.00429693914673345,-0.05435482838039725,0.0019595290553218693,0.00012806843893949297,0.0003371580484971347,-0.004663887560094802,-0.0012897428592255331,0.003896765948603195,-0.02193440769588843,-0.008788327937569534,0.02160615723756721,0.019069056077280364,-0.015424149420919258,-0.019404108950156727,0.02447409394252008,0.009558064176536171,-0.0007076927347404656,0.004731649450208778,0.0031312745393067684,-0.009402123290748552,-0.003700946633331361,0.0002282273745741509,-4.1966967473128755e-05,-0.002155779698592206,0.0012342112847011802,-9.02577283068718e-05,0.0019375282365456069,-0.00011861563365834283,0.00011191637482423692,-9.969101172887874e-05,0.0004301707603156337,-0.00011342642138155478,-0.0004528400375844892,-0.0002827019562297937,0.0002700039005893539,-0.0003985726392581373,-8.176155302783462e-05,-0.0,0.0,0.0,0.0,0.0,0.0,0.0,0.0,0.0,0.0,0.0,0.0,0.0,0.0,0.0,0.0,0.0,0.0,0.0,0.0,0.0,0.0,0.0,0.0,0.0,0.0,0.0,0.0,0.0,0.0,0.0,0.0,0.0,0.0,0.0,0.0,0.0,0.0,0.0,0.0,0.0,0.0,0.0,0.0
HP289,413,-0.0953426105009709,-0.023602101567703246,0.0034932904004099903,-0.0015115570357749249,0.01448809198943864,0.009356305301007633,-0.005714785599904564,-0.0007876985781148036,-0.006451194385593191,-0.0011000094373520893,-0.0007748251367615922,0.0012140620493032194,-0.0017978956703541714,0.003571595119332916,-0.0003226065079637392,-0.00018709923423273461,-0.0007770141689962229,-0.00017649212258042434,0.004113097411468455,-0.003915223260810198,0.006453257554853748,-0.0003399409451266776,0.0024583462073358665,-0.003254281803575825,0.0010116778081883178,0.00020379254337831446,-0.0003107411538959002,-0.001879999923222692,-0.001721577306412806,-0.001965503736071993,0.0026745705419506482,-0.0015096568061140861,0.002444683606594219,2.7123076679526072e-05,0.0005793877193155502,-0.0003853474815942104,0.002014724007032037,0.0001718315847058976,0.0009485308202918012,-0.0,0.0,0.0,0.0,0.0,0.0,0.0,0.0,0.0,0.0,0.0,0.0,0.0,0.0,0.0,0.0,0.0,0.0,0.0,0.0,0.0,0.0,0.0,0.0,0.0,0.0,0.0,0.0,0.0,0.0,0.0,0.0,0.0,0.0,0.0,0.0,0.0,0.0,0.0,0.0,0.0,0.0,0.0,0.0
HP291,415,-0.08961585381739552,-0.0069381842406435875,0.027661776695085183,0.021284445225275322,0.001501131784088786,-0.015268430044066627,0.01754795108004294,0.006334222144231311,0.002240982670146411,-4.6133371645514914e-05,-0.0015834417673323924,-0.0004809036568422713,0.003975555947014356,0.0029289482904777384,-0.0034114543976853985,0.0020191187960866643,-0.0004721400192821121,0.008066345933428235,-0.0025362405013169575,0.004417813199363986,-0.008060362358981651,0.0034372676459888812,-0.00169778942073467,0.005960801506043751,-0.006908345846221202,0.005088277612279188,0.0010923156623740223,-0.0013580706521355954,-0.0033754232393521607,0.0032861884666964525,0.0021922988003070147,-0.0018331417897803006,0.00017553802130321916,-0.0007435037859170701,0.0009037974204282345,0.0011130460886851286,0.0005117547280782847,-0.000736267818674563,-0.0006217042620792467,-0.0,0.0,0.0,0.0,0.0,0.0,0.0,0.0,0.0,0.0,0.0,0.0,0.0,0.0,0.0,0.0,0.0,0.0,0.0,0.0,0.0,0.0,0.0,0.0,0.0,0.0,0.0,0.0,0.0,0.0,0.0,0.0,0.0,0.0,0.0,0.0,0.0,0.0,0.0,0.0,0.0,0.0,0.0,0.0
HP293,417,0.11137596869022258,0.05478226693806508,-0.039953997480217704,0.015920475354302015,-0.005566903756586564,0.006171645366971053,-0.02990418664274246,0.044621828166145405,-0.018632506793730314,-0.0036572665048629866,0.0017082583367493138,-0.018041881173841545,0.0020948531921526252,0.0021008952645554494,-0.005686792708495829,0.0017619181096708103,0.0026470573603462858,-0.007304994768379103,-0.014459087958504195,-0.007068959728386464,-0.007616183645379547,-0.0003610508541414356,-0.0050113971169652325,-0.0010730358174015932,-0.0011502262159182916,-0.0001363466139737634,-0.00034281939843180617,0.0012627078766974883,0.0001057502644333124,-0.0005566271981683231,-0.0003032524113160239,1.8792501180917943e-05,-0.001641109173311042,0.00020112660706806879,0.0002843900416629224,4.4552234269818906e-05,0.00010154961724377099,5.730008896483222e-05,-0.00014745084061426982,-0.0,0.0,0.0,0.0,0.0,0.0,0.0,0.0,0.0,0.0,0.0,0.0,0.0,0.0,0.0,0.0,0.0,0.0,0.0,0.0,0.0,0.0,0.0,0.0,0.0,0.0,0.0,0.0,0.0,0.0,0.0,0.0,0.0,0.0,0.0,0.0,0.0,0.0,0.0,0.0,0.0,0.0,0.0,0.0
HP294,418,-0.11176893467904052,-0.055065456490440826,-0.010516139027930815,-0.01645831784455009,-0.02986031929830875,-0.004133726248560078,-0.0043552421051268764,-0.005527419643575024,0.0034026676368907557,-0.005395372820662199,-0.009172692433211907,0.007593779018009779,0.002148165301345891,-0.003405798158774068,0.0014720110402328635,-0.00272795634729246,0.0029425549859567867,-0.007507096795907389,0.000552888189040325,-0.007545303685464216,0.003713551212044377,0.00033567937508240705,0.0008783940159133889,0.0009574041493730392,0.005049757656691886,-0.0008794401676431582,-0.0034579924616716592,0.0066630581721542625,-0.0011550344527625556,0.0026254083294036256,-0.004955941107138379,0.0007317292988287266,0.001680024145185412,-0.002244228337715258,3.1129405824749246e-05,0.0007212237953585005,0.0006462596980947111,-0.00027419892591497855,-0.00021836514987983878,-0.0,0.0,0.0,0.0,0.0,0.0,0.0,0.0,0.0,0.0,0.0,0.0,0.0,0.0,0.0,0.0,0.0,0.0,0.0,0.0,0.0,0.0,0.0,0.0,0.0,0.0,0.0,0.0,0.0,0.0,0.0,0.0,0.0,0.0,0.0,0.0,0.0,0.0,0.0,0.0,0.0,0.0,0.0,0.0
HP295,419,-0.08999041680394727,-0.009183350475308147,0.022013042669381703,0.02321605033357137,-0.003488343337768319,-0.015867900286906367,0.01640616743797644,0.002827723529503226,-0.005923259006816022,0.007816005594249414,0.006738831426244237,-0.003709192365422243,-0.002372661219639093,0.001380171581575404,-0.005258412936230375,0.006474617593701596,0.00013282218045660547,0.003643353498810928,-0.0006298213649722205,0.00044022797548603105,0.010376490686676704,0.0017903179545501234,0.001051966219698144,0.0021412900226210267,-0.0008209673803702687,-0.003628897326911267,-0.003962831065011447,0.003529595176267451,-0.0009300382471634536,0.0006101085350541101,0.0016503103825362875,-0.0019827991518055676,0.0007612851880387665,0.00014732698955819033,0.001758867203271556,-0.0024657670430171235,0.00030599581930369085,0.0001880289542578985,-0.0003267033822823754,-0.0,0.0,0.0,0.0,0.0,0.0,0.0,0.0,0.0,0.0,0.0,0.0,0.0,0.0,0.0,0.0,0.0,0.0,0.0,0.0,0.0,0.0,0.0,0.0,0.0,0.0,0.0,0.0,0.0,0.0,0.0,0.0,0.0,0.0,0.0,0.0,0.0,0.0,0.0,0.0,0.0,0.0,0.0,0.0
HP296,420,-0.09469402468939021,-0.022809200279938772,-0.0010873251553447083,0.0008866461875302192,0.019660878821151685,0.0022924874240148638,-0.008225284063361791,-0.002077970503876245,-0.004710405737377872,0.003591336449575106,0.0011348739992351705,0.0026779161477559366,-0.0016714999434579967,-0.003908251980730207,-0.00259193159212176,0.0013254348305316971,-0.0012272136116890685,0.0007168079812253242,-0.004703949159517377,0.004226611734364366,-0.0009783499400112692,0.0014385449063789026,0.005057567181183043,0.0011779921782865252,0.00044862002342766714,-0.0020349402428516783,0.0003745109771103921,0.003659289507469718,-0.0007901649290199896,0.00046325409611463255,-0.0015450675985264968,0.0009007924681748718,0.0016656250993502084,0.0014402898905103495,0.0015282464889100318,-0.00010543839938180123,0.0019228663930002691,-0.0015362156765993922,0.0012296807202875997,-0.0,0.0,0.0,0.0,0.0,0.0,0.0,0.0,0.0,0.0,0.0,0.0,0.0,0.0,0.0,0.0,0.0,0.0,0.0,0.0,0.0,0.0,0.0,0.0,0.0,0.0,0.0,0.0,0.0,0.0,0.0,0.0,0.0,0.0,0.0,0.0,0.0,0.0,0.0,0.0,0.0,0.0,0.0,0.0
HP297,421,-0.05481791339329925,0.06128531371392748,0.018842502688825088,-0.01119957837490916,-0.0026156715084643335,-0.028008144357069206,0.0038231832553544363,0.03248209438978483,0.008143233894570886,0.0023289207597324076,0.012834444403135078,0.016882713789256466,0.0013934668933114356,-0.003659426028967228,0.006342332676847231,-0.009240517910061601,0.0010461251588777443,-0.0014133168756824304,0.005167868966439632,0.007236186081753609,0.01421653557222663,0.007337235776299251,-0.0017193684324735374,-0.0014938587132661912,-0.0017002541296871746,-0.0016598130699454743,1.962782593910073e-06,-0.0008667106270168724,0.001032359713576035,-0.0007320270778146029,-0.0008023655180961683,-4.3736013043837016e-05,-0.00018782966368951243,0.0003849569060372987,-0.0005943861370335361,0.00030085161198858875,0.00045307954338610017,3.140265104337546e-05,0.00012863324711770183,-0.0,0.0,0.0,0.0,0.0,0.0,0.0,0.0,0.0,0.0,0.0,0.0,0.0,0.0,0.0,0.0,0.0,0.0,0.0,0.0,0.0,0.0,0.0,0.0,0.0,0.0,0.0,0.0,0.0,0.0,0.0,0.0,0.0,0.0,0.0,0.0,0.0,0.0,0.0,0.0,0.0,0.0,0.0,0.0
HP299,423,0.05210538501443407,0.08709266186671769,-0.019052132634613562,0.03351847271482707,-0.0336593675146765,0.05708898384669098,-0.036279755213356656,0.028564063546751835,0.001316597832081632,0.0039497617187541365,-0.02367363267432012,0.0014106911333443808,0.004973308520572889,0.008438959440315247,0.01973279042471238,0.007981518896964454,-0.0007594940702688799,0.008450821802807503,-0.0030690353698907586,0.004703293182123038,-0.0017719283285601757,0.0020064319537686256,4.930424395486578e-05,-0.0008458841881646708,0.00612563328591614,-0.003912957885898348,0.001247571167384246,-0.0013498194212413226,0.0007416852590676065,0.0009051126129107135,0.00018865028295887002,0.00023182004279374702,0.0005882174844448568,8.855521017467384e-07,-0.00018847836200530709,-0.00036308883986798355,-1.3576667537083081e-05,-0.00022903917093590763,3.518274553796332e-07,-0.0,0.0,0.0,0.0,0.0,0.0,0.0,0.0,0.0,0.0,0.0,0.0,0.0,0.0,0.0,0.0,0.0,0.0,0.0,0.0,0.0,0.0,0.0,0.0,0.0,0.0,0.0,0.0,0.0,0.0,0.0,0.0,0.0,0.0,0.0,0.0,0.0,0.0,0.0,0.0,0.0,0.0,0.0,0.0
HP301,425,-0.08918141910490686,-0.007313361468936808,0.025083480451998794,0.023559503740805784,0.0016405185905895537,-0.017209412405220312,0.01864452318533622,0.007802674657291593,0.0017295096478789507,0.003944097839475242,0.0002314744345275498,-0.00058118892944725,0.0020953082643820086,0.0019767773705928766,-0.0027528480854593445,0.004309171455610548,-0.004032015109113955,0.0033493546368887467,-0.005632898702143773,0.008247843587263404,-0.004433601356562167,0.0014624482985056083,0.0020749388791718257,-0.0028007201501154076,-0.005021808477593799,0.00696596932280162,-0.001866086092283962,0.0008774476838757817,0.002463010930876835,-0.004342396833876741,-0.002329335288593781,0.0012129325550431032,0.0015361307082815598,-0.0005026000123408117,-0.0008627405482581684,-0.001304354693706571,-0.0009125352420185516,0.0012031987811217863,0.000770034391489736,-0.0,0.0,0.0,0.0,0.0,0.0,0.0,0.0,0.0,0.0,0.0,0.0,0.0,0.0,0.0,0.0,0.0,0.0,0.0,0.0,0.0,0.0,0.0,0.0,0.0,0.0,0.0,0.0,0.0,0.0,0.0,0.0,0.0,0.0,0.0,0.0,0.0,0.0,0.0,0.0,0.0,0.0,0.0,0.0
HP302,426,-0.05644535936502058,0.06100946620687143,-0.010089938231278132,-0.053529058858440726,0.009471083136749431,-0.0030797400534326954,-0.003051823345732178,-0.001661247545133324,-0.0031782732855723576,-0.006353704667065981,-0.001142728847583158,-0.00620951615092642,-0.008138836517580045,0.002206259258290684,0.0047409722250111525,0.008682542081576993,-0.006723030081033195,0.001615014108052768,0.0046736196504822405,-0.002443570089015315,0.00032032388193863374,0.0001945824296888955,-0.0009003130906182581,0.004319470760052213,0.0010402737447072561,0.0010658078536963998,0.002707423125256914,0.0024457168146581718,0.005556353254044722,-0.0027327537266498723,-0.0004407548685168648,-0.00414744210636176,-0.0003837892322248753,-0.00024071245153952747,-0.0017704568289164696,0.0012572264795879503,0.00046180877266004464,0.000541799060212949,0.00021034982504317956,-0.0,0.0,0.0,0.0,0.0,0.0,0.0,0.0,0.0,0.0,0.0,0.0,0.0,0.0,0.0,0.0,0.0,0.0,0.0,0.0,0.0,0.0,0.0,0.0,0.0,0.0,0.0,0.0,0.0,0.0,0.0,0.0,0.0,0.0,0.0,0.0,0.0,0.0,0.0,0.0,0.0,0.0,0.0,0.0
HP306,430,0.02976313705677262,0.1659413859473969,0.009781096908239558,0.025071576931445946,-0.03949960457755707,0.0109566126637263,0.020768158535583833,-0.026865296787027794,-0.009136593340872372,0.01909997461473764,-0.03463166083702706,-0.008039445768510378,-0.0034109176854794556,-0.011656939115111205,-0.001152006061575516,-0.0044038777341164044,-0.013416783029178632,-0.013522412051508365,0.014429717511872622,0.012029996969230263,-0.0033278604559018473,-0.0004941633971212674,0.0013109863897872744,0.0029014504511842803,-0.0025886226404141606,0.00020045872697636996,-0.0023876261499521448,0.0019677448235501404,-0.001650118225674238,-0.0005278690837854879,-0.00015252686650851625,-0.000746338455575889,-0.001241492865463486,-3.3781232766896985e-05,0.0004939037271010439,0.0005574997209328488,-0.0001727988460685898,5.098381484783199e-05,-9.853848408275745e-05,-0.0,0.0,0.0,0.0,0.0,0.0,0.0,0.0,0.0,0.0,0.0,0.0,0.0,0.0,0.0,0.0,0.0,0.0,0.0,0.0,0.0,0.0,0.0,0.0,0.0,0.0,0.0,0.0,0.0,0.0,0.0,0.0,0.0,0.0,0.0,0.0,0.0,0.0,0.0,0.0,0.0,0.0,0.0,0.0
HP308,432,-0.11182212124716108,-0.0549485133867241,-0.009650811035408999,-0.016829946798799057,-0.030008044086560586,-0.003996091787507733,-0.0046623950927269465,-0.0058842765317076665,0.003897685099540937,-0.006121793358268149,-0.009583169957518766,0.007808763005561325,0.0022835399785793896,-0.00426490813273973,0.0014305536849673012,0.0003179355204074086,0.0033987578527308235,-0.003965105908743726,-0.002287572088001346,-0.00045612416190832895,0.003005192014649399,-0.002325580114180511,0.0037365710017628036,0.0021383666814770034,-0.0028667596620922764,-0.0024448264396745426,-0.0008553328458025275,-0.0033342588198733716,0.0016381508603063133,0.0005781580110092269,0.005164983458232938,-9.908748823614392e-05,-0.0026511761817599425,-0.0030912678950095456,0.0006345936691269526,-0.001080887591118096,-0.0003245574730884223,0.0010863964623900005,0.0003237015569245265,-0.0,0.0,0.0,0.0,0.0,0.0,0.0,0.0,0.0,0.0,0.0,0.0,0.0,0.0,0.0,0.0,0.0,0.0,0.0,0.0,0.0,0.0,0.0,0.0,0.0,0.0,0.0,0.0,0.0,0.0,0.0,0.0,0.0,0.0,0.0,0.0,0.0,0.0,0.0,0.0,0.0,0.0,0.0,0.0
HP314,438,0.21268314758865134,0.06329568506409723,0.06999986485028425,0.025884336278025576,-0.015903907677753022,-0.008229136717419525,-0.015894408599819988,-0.0053741520322059715,0.04219657518902155,0.034109317372175915,0.022878131813203327,-0.009574997883485058,-0.017931195750655406,0.003964422707888245,0.007167278819758029,0.0016061166573167235,-0.005672748075627363,0.0012081022788073465,0.002333959604032517,-0.0034017259535834765,-0.0023021846160253623,-0.0013579005952729316,-0.0008769440621138685,0.00109125801754338,-0.0002237276264528255,-0.0009437828125876381,-0.0018041898380237135,0.0003369177410037556,-0.0007782618555414963,-0.0003259742693051534,0.0005381084170973591,6.777552823448304e-05,-4.956376924780875e-05,5.3203027079259176e-05,0.00017581475787641998,-6.940796561180182e-05,0.00010468033229726214,5.343013279388246e-05,-7.271066267535667e-05,-0.0,0.0,0.0,0.0,0.0,0.0,0.0,0.0,0.0,0.0,0.0,0.0,0.0,0.0,0.0,0.0,0.0,0.0,0.0,0.0,0.0,0.0,0.0,0.0,0.0,0.0,0.0,0.0,0.0,0.0,0.0,0.0,0.0,0.0,0.0,0.0,0.0,0.0,0.0,0.0,0.0,0.0,0.0,0.0
HP316,440,-0.09473308762533368,-0.021711971539065147,0.004521127058699029,-0.0010392498291945096,0.020106965914194946,0.006797312480699953,-0.006540249959382884,0.000649821558471168,-0.0026348822550004607,-0.0030982841998069546,-0.0037030351922145367,0.0031105804126631193,0.0029024103845614667,0.002499346573974418,0.0013730678992532922,-0.004273913810266206,-0.0003354912511996414,-0.00514925745718153,-0.002676736936231397,-0.003942131320507857,-0.0025541127123802103,0.0029031050784620745,-0.001947683802491921,0.0005804067439916841,0.000619260575040332,0.0009444221574836034,-0.0020881823340972495,-0.002530443818318777,0.004967394273068044,-0.000336719031854982,0.005049872508028792,-0.0010789003958501361,-0.0006350093218412153,-0.0007472149151039578,0.0022976682476846867,0.0029051712020113462,-0.0005382107889101886,-0.0008503520418795746,0.00036501298678781634,-0.0,0.0,0.0,0.0,0.0,0.0,0.0,0.0,0.0,0.0,0.0,0.0,0.0,0.0,0.0,0.0,0.0,0.0,0.0,0.0,0.0,0.0,0.0,0.0,0.0,0.0,0.0,0.0,0.0,0.0,0.0,0.0,0.0,0.0,0.0,0.0,0.0,0.0,0.0,0.0,0.0,0.0,0.0,0.0
HP318,442,-0.056378513395216844,0.06239075781034336,-0.005196382008371426,-0.05470509897248826,0.013242501763310417,-0.005094915775697973,-0.005171186139942071,-0.0011105933490813354,-0.001295908026313223,-0.008787443300039952,-0.00408713491115568,-0.002339296214120674,-0.0034343867695063274,0.0016258915970012145,0.007937966954932152,-0.0011363766822681768,-0.0032875545873193644,-0.006174675638877186,-0.005022829910753487,-0.0007367313478517798,-0.0007434367625043967,0.005543437312888786,-0.003977301833117104,0.0002165592233869812,-0.003034675918886183,-0.005297903786387932,-0.004369725817061159,0.0012218098792590674,-0.00420149729016756,-0.0009181394959580745,0.0013403562930563463,0.0027576990256367073,0.0011909983809882997,0.001373336305853103,0.001204272296385041,-0.00014905090347349384,-0.0018222086462648262,0.000632208828575886,0.00035223919565950803,-0.0,0.0,0.0,0.0,0.0,0.0,0.0,0.0,0.0,0.0,0.0,0.0,0.0,0.0,0.0,0.0,0.0,0.0,0.0,0.0,0.0,0.0,0.0,0.0,0.0,0.0,0.0,0.0,0.0,0.0,0.0,0.0,0.0,0.0,0.0,0.0,0.0,0.0,0.0,0.0,0.0,0.0,0.0,0.0
HP319,443,-0.0345639750692039,0.07438326404716167,-0.04402956923888161,0.0061619029406183076,0.014370679797855562,0.007687750425053083,-0.01909963000949053,0.005263042499568869,0.014192741090409324,-0.012854417675909672,0.029531553477995277,0.02515605347430246,0.00669899808889136,-0.016180686696272116,-0.004879227124539088,-0.014216719959120461,0.007961970773317338,-0.002110044112625088,-0.0017248185768016834,0.004976621620356923,0.0003307316417152233,0.003988900411025516,0.005290538052085398,0.001207838166001612,-0.0016371331101691826,0.004190952683360675,0.0013599778050683725,-0.00035618426771284154,-0.00020631179198499967,-0.00016012692500420013,-0.0009033193642498016,-0.000630639514493669,9.248958765257108e-05,0.0001455585460420545,0.001191817219060722,0.0010030897899765895,-0.00020236699590452816,0.0003190782129593497,-0.00015784962396465935,-0.0,0.0,0.0,0.0,0.0,0.0,0.0,0.0,0.0,0.0,0.0,0.0,0.0,0.0,0.0,0.0,0.0,0.0,0.0,0.0,0.0,0.0,0.0,0.0,0.0,0.0,0.0,0.0,0.0,0.0,0.0,0.0,0.0,0.0,0.0,0.0,0.0,0.0,0.0,0.0,0.0,0.0,0.0,0.0
HP323,447,0.3486972673458936,-0.1361308290194287,-0.004990293762899243,0.036322136678161546,-0.032013122983521256,-0.026000188306671054,-0.050255568191398814,-0.03350193591284434,0.01771867698828418,-0.07223334523421028,-0.019736551581854344,0.008535964064034219,-0.03324912470207805,0.012643763910657335,0.0009244222642013594,-0.0006228026455026331,0.0009737640621728997,-0.0001703223285599519,-0.0015158649633140462,-0.0007437212100119066,0.00020531811249693865,-0.0008392119040431493,-0.001190488529195033,-0.00032488959514405364,-0.0019053243461561744,8.117091522541965e-05,-5.303234515017173e-05,0.0007471003139502934,0.00014734635685683946,-0.00013923425566813726,-0.00024277895119871834,-0.0004173537714911719,-0.0004211018771808376,1.2006052874526799e-05,0.00012048016761048323,0.00022285325692917302,3.736272979717587e-06,4.198837833215098e-05,-5.795599846419103e-05,-0.0,0.0,0.0,0.0,0.0,0.0,0.0,0.0,0.0,0.0,0.0,0.0,0.0,0.0,0.0,0.0,0.0,0.0,0.0,0.0,0.0,0.0,0.0,0.0,0.0,0.0,0.0,0.0,0.0,0.0,0.0,0.0,0.0,0.0,0.0,0.0,0.0,0.0,0.0,0.0,0.0,0.0,0.0,0.0
HP325,449,0.2568828410956028,-0.01294941489913885,-0.005919565256250454,-0.12118915732086057,-0.03142196027288166,-0.015084874721772298,0.05731259533980751,-0.036451331810991854,-0.0033460199808995716,0.0024745963421045555,0.0030671111080264194,-0.015847537307996883,-0.02086282844574914,-0.00476892114227988,-0.0011723604202549408,-0.0033323998901418866,0.0065809794174317635,-0.003699275034595316,-0.004220176508075783,0.005340964470716277,-0.003061606008169149,0.002739495544190501,-0.0016657348131945923,-5.447374510719178e-05,0.004150562005236306,-0.0011886130689941863,-0.002224022410064309,-0.0004887219427061755,0.0008830574409641035,3.316872149722829e-05,0.0005477343284102481,1.6878194805620024e-06,0.0004388583805512765,-0.00017495977488546716,-0.0007984905105023687,-0.0002972946166538596,0.00015754810513014865,-0.00015093528177235772,0.00011435380115581021,-0.0,0.0,0.0,0.0,0.0,0.0,0.0,0.0,0.0,0.0,0.0,0.0,0.0,0.0,0.0,0.0,0.0,0.0,0.0,0.0,0.0,0.0,0.0,0.0,0.0,0.0,0.0,0.0,0.0,0.0,0.0,0.0,0.0,0.0,0.0,0.0,0.0,0.0,0.0,0.0,0.0,0.0,0.0,0.0
HP326,450,-0.09163108267039848,-0.014770805431442576,0.016102054826305962,0.002287904724716032,0.02028131637215254,0.0132543027033083,-0.023273789015146065,-0.009877219393328453,0.019461524627307217,0.008425491028444625,0.02752610799492903,-0.018078672847399654,-0.0025613499038586963,0.006079577485566281,0.008109415149722913,-0.002298396063970976,0.004082462375497363,-0.0020451900142203173,-0.00022389496554237832,-0.00035393863166639864,-0.01072045043785373,-0.0019200715422071604,0.0012562622377185126,-2.7907525956182604e-05,-0.0024455161261983382,0.0003761400991228126,-0.002028443665553831,-0.002365574551509732,-0.00141485629674101,0.0009083496102210856,-0.00035581930073872126,-0.0013912255244020156,-0.0004045042755007471,0.00022278829137577027,-0.0008534263685608538,-0.0001156905257000519,0.00027058326281893645,0.00016600629242872523,0.00011037701382930743,-0.0,0.0,0.0,0.0,0.0,0.0,0.0,0.0,0.0,0.0,0.0,0.0,0.0,0.0,0.0,0.0,0.0,0.0,0.0,0.0,0.0,0.0,0.0,0.0,0.0,0.0,0.0,0.0,0.0,0.0,0.0,0.0,0.0,0.0,0.0,0.0,0.0,0.0,0.0,0.0,0.0,0.0,0.0,0.0
HP327,451,-0.056323093702102305,0.05522772672234551,0.012726230757812722,-0.005375104527974234,0.0003940391724124516,-0.041260046367146454,-0.0018188758795083717,0.026147289091462855,2.0975688330722815e-05,0.016647902153638497,0.01564265219094079,0.021844626103245227,-0.007481403662474907,-0.014494589148477299,0.006558595889728432,0.013901868883469896,0.009501953317345655,-0.0029360006879781374,0.005988995250623515,-0.0023401698953411454,-0.006389231918076274,-0.006905151879701997,-0.004037637088454876,0.0013770453822978487,-0.00039226236586394243,0.0014188013149794834,-0.00013725817677274948,0.0007011339259139127,0.00024535756554173457,0.00034567799870416875,0.0008485928840745326,-0.00014139481683415078,0.00044331283674410815,-0.0005697926039187054,-0.000413481112333423,-0.0007652790809776397,-0.00024303955613798965,-0.00032754611094364886,0.00016668081679939702,-0.0,0.0,0.0,0.0,0.0,0.0,0.0,0.0,0.0,0.0,0.0,0.0,0.0,0.0,0.0,0.0,0.0,0.0,0.0,0.0,0.0,0.0,0.0,0.0,0.0,0.0,0.0,0.0,0.0,0.0,0.0,0.0,0.0,0.0,0.0,0.0,0.0,0.0,0.0,0.0,0.0,0.0,0.0,0.0
HP328,452,-0.09538956150059091,-0.0237464784136687,0.004532648627989179,-0.00211665731629515,0.014357159753730229,0.011526700524761905,-0.004010246856934774,0.0010870823367316637,-0.004035682856127759,-0.0028829299480587693,-0.0019837722693398186,0.0005746835679799786,-0.0016189928269014257,0.0064429596406309604,0.0003241836669153775,0.0026035813324418204,-0.0018588060749197654,0.00030443928579706255,0.0029943989443615695,-0.0006518837579536437,0.007009267556537847,-0.005150040347525516,0.0019552564177258026,0.0018589894625492785,-0.003746875277783912,0.002999524785959894,-0.0017240805624664237,-0.0036020416840655822,0.0008140369092651808,0.0011173999052712935,-0.0017621604486145472,0.0003799668987544371,0.0004969732324246748,0.0022796354599884648,3.733289665089111e-06,0.0004314572593579687,-0.0015124684900752888,-0.0008630980354351961,0.0005928169361124478,-0.0,0.0,0.0,0.0,0.0,0.0,0.0,0.0,0.0,0.0,0.0,0.0,0.0,0.0,0.0,0.0,0.0,0.0,0.0,0.0,0.0,0.0,0.0,0.0,0.0,0.0,0.0,0.0,0.0,0.0,0.0,0.0,0.0,0.0,0.0,0.0,0.0,0.0,0.0,0.0,0.0,0.0,0.0,0.0
HP335,459,-0.0944259243458672,-0.024389621738027917,-0.004110912315040566,0.0003340791983106847,0.013252457121570338,0.008089595215020543,-0.007259525963334566,-0.0035922509577273835,-0.010258649825793666,0.005532776124267133,0.0023208983140698266,-0.0011000255149974834,-0.005261967259108077,-0.00010677941385132103,-0.008945139725905358,0.009482406319555587,0.001513111287310811,0.017073779503525236,0.00301157424413638,0.004831323961078515,-0.000790130881112493,-0.0016336809561720567,-0.00582037933655143,0.0013903337485447035,0.001796560072394819,0.0024096404243576057,-0.004481285859822185,0.0004684560960034775,-0.0020025381834820485,-0.0038464584525151825,0.00012395843407487055,0.0015594320738464159,0.003538286752125497,-0.0019538961043505825,-6.627954305976063e-05,0.0026926254438944643,-0.00027311964302597177,0.00019776171317060552,-0.00013996418139853884,-0.0,0.0,0.0,0.0,0.0,0.0,0.0,0.0,0.0,0.0,0.0,0.0,0.0,0.0,0.0,0.0,0.0,0.0,0.0,0.0,0.0,0.0,0.0,0.0,0.0,0.0,0.0,0.0,0.0,0.0,0.0,0.0,0.0,0.0,0.0,0.0,0.0,0.0,0.0,0.0,0.0,0.0,0.0,0.0
HP338,462,0.11886056971473188,0.06264580295496068,0.012860957566048596,0.01657224745026932,-0.012533838707426104,0.04366464196817256,-0.03710384750006952,0.00469763017268713,-0.008304883540193656,0.008388524473474572,-0.009870249500714207,0.023247490681111302,-0.002507330568456558,-0.01927808377206733,-0.009927635123732152,-0.013205008393242018,-0.014948200667131229,0.010777085814585839,-0.006006857738912521,-0.007214722295340059,-0.0010744466381231396,-0.011538731403965255,-8.835870365697455e-05,0.0013896719327269253,-0.0016659986274919695,-0.0036950834253320994,-0.0047933894252163425,0.0024869633907189928,0.0015690477448482396,-0.0015502392003323246,0.0011728795087555853,-0.00017428058499035443,0.0015494380114127512,-0.00012209345272462467,-0.0009225013977156584,-0.00041387446730128903,0.00021753142844323548,-0.0002841746347647315,0.00010660313578613782,-0.0,0.0,0.0,0.0,0.0,0.0,0.0,0.0,0.0,0.0,0.0,0.0,0.0,0.0,0.0,0.0,0.0,0.0,0.0,0.0,0.0,0.0,0.0,0.0,0.0,0.0,0.0,0.0,0.0,0.0,0.0,0.0,0.0,0.0,0.0,0.0,0.0,0.0,0.0,0.0,0.0,0.0,0.0,0.0
HP340,464,-0.10784145295778437,-0.039751025281029716,0.015782342239436743,0.009161932562000128,-0.05288188415877615,-0.0328153955467289,0.022397698851501953,-0.00020343201416905056,0.006923573810013956,-4.506500496505854e-05,-0.003186848367215062,0.004694861129468616,0.000986459588960716,-0.005636556523944518,0.00043103251693552035,0.001982974817385238,0.0005298142279587937,-4.825393987933618e-05,0.003140965642968645,-0.003759409509220122,0.0034504798474936983,0.0029123471182745863,0.0024892730507759526,0.0016508204039716956,-0.0006836845046487597,-0.0008542582948881455,0.0016516524192862966,-0.0005533753450805688,-0.0015544562728499263,-0.0013860452143968623,-0.00020623476717376244,-0.0001600539530333549,-0.0013489826197598562,2.977243252369018e-05,-0.0005151267540235638,0.00012472686301080821,-9.807733800500199e-05,-0.0003289850768288925,-7.397917720735701e-05,-0.0,0.0,0.0,0.0,0.0,0.0,0.0,0.0,0.0,0.0,0.0,0.0,0.0,0.0,0.0,0.0,0.0,0.0,0.0,0.0,0.0,0.0,0.0,0.0,0.0,0.0,0.0,0.0,0.0,0.0,0.0,0.0,0.0,0.0,0.0,0.0,0.0,0.0,0.0,0.0,0.0,0.0,0.0,0.0
HP346,470,-0.05717236771043472,0.06009789794176662,-0.008494565954798396,-0.052874586437980826,0.010255565777851425,-0.005653740005253173,-0.004498931386584407,-0.0025878769884932883,-0.004046408214028798,-0.0042127412634708665,-0.00010647733355740361,-0.0036305213767287344,-0.008670247150485469,-0.00022317423728010656,0.003553075266912003,0.00595746337203402,-0.0074222831046838545,-0.0014937502831032425,-0.0007398228916206088,-0.0009623320119711165,-0.0004279115709835976,0.0035416602657688907,0.0011852857474487957,0.0016195339881871168,-0.0008376466299104663,0.002530508128930528,0.002634981495945679,-0.0023252834218621685,0.0006673421641565451,0.003117288663353957,0.0012598032291061044,0.002127049521595133,0.003405945841949918,-0.0017451187878694888,0.00014778139531447355,-0.0015968119299515971,-3.620240773366376e-05,-0.0017046996484099469,-0.0007458887343168937,-0.0,0.0,0.0,0.0,0.0,0.0,0.0,0.0,0.0,0.0,0.0,0.0,0.0,0.0,0.0,0.0,0.0,0.0,0.0,0.0,0.0,0.0,0.0,0.0,0.0,0.0,0.0,0.0,0.0,0.0,0.0,0.0,0.0,0.0,0.0,0.0,0.0,0.0,0.0,0.0,0.0,0.0,0.0,0.0
HP347,471,-0.09487310395910208,-0.02207312073109147,0.003612589872225354,-0.000657270396125448,0.020120280643911782,0.00502170000144561,-0.006944083667212655,-1.4311312691050452e-05,-0.0022523108721842966,-0.001662031276795142,-0.0030876497061192595,0.00425885833281966,0.0017835758699855713,-0.0009153408525204495,-0.00021989696784605983,0.001317570749979671,0.0002653407484323782,-0.00015436697432457086,-0.003806377268418156,0.003692374446314154,-0.0039540821119252905,0.0005166328487747263,0.0025992937939730344,0.0004022701617564334,-0.0048817238181586,-0.0013587003617835129,0.0011289835334677813,0.0034604723852321114,-0.00030098458434000934,0.0004992214392261289,7.607758717223021e-05,0.002467434231115224,-0.0035068934560880086,-0.0031213425118008773,-0.0024881233110413937,0.0003163910949701972,-0.0013327266810666113,-0.00035875038108465853,0.00011720394263289116,-0.0,0.0,0.0,0.0,0.0,0.0,0.0,0.0,0.0,0.0,0.0,0.0,0.0,0.0,0.0,0.0,0.0,0.0,0.0,0.0,0.0,0.0,0.0,0.0,0.0,0.0,0.0,0.0,0.0,0.0,0.0,0.0,0.0,0.0,0.0,0.0,0.0,0.0,0.0,0.0,0.0,0.0,0.0,0.0
HP348,472,0.30950232279913964,-0.07712679475660723,0.037782530561983683,0.05658804955652591,-0.07138799792133815,-0.011921616701756177,0.02669869872742054,-0.023463131214797026,0.021979297840393566,0.04446119712370921,-0.025937177869546538,0.008981635077447623,0.027124923668240826,0.008869622989757162,-0.013126941480788898,-0.003702798849918726,0.007654439355023864,-0.0018231673476378537,-0.0006691868115645586,-0.0006625685695087796,0.0008548859607182164,2.5634178167283307e-05,0.0005207449907511775,-0.00015282346075248002,-0.0004981267009042865,0.001243516773366305,0.00095682679509705,-0.0003168588041051308,-0.00014681534957132768,0.0001606114955171482,-0.0001494941482119905,0.00023458310054836286,-9.12827284135965e-05,-7.327497236697431e-06,-1.9972641747423382e-05,-0.00012019876526328558,-6.81629425722558e-05,8.271349393117033e-06,2.6424263486837037e-05,-0.0,0.0,0.0,0.0,0.0,0.0,0.0,0.0,0.0,0.0,0.0,0.0,0.0,0.0,0.0,0.0,0.0,0.0,0.0,0.0,0.0,0.0,0.0,0.0,0.0,0.0,0.0,0.0,0.0,0.0,0.0,0.0,0.0,0.0,0.0,0.0,0.0,0.0,0.0,0.0,0.0,0.0,0.0,0.0
HP352,476,0.24987662841519692,0.04396404448017724,-0.01883120253712457,-0.03724485366262831,0.017959212169516466,-0.004034856418810788,0.022175286995037118,-0.044087052767706573,-0.01957688351918637,-0.01724298027360591,0.0006599519315239917,-0.00866648610653681,0.0177743392775144,0.017921121347219043,-0.004489188274680597,0.007491859227602166,-0.010168646208105902,0.003888000126965122,-0.0007656207887193592,-0.010785378569691717,0.0022697626561731326,-0.005408823212667118,0.00463711017501203,-0.0010764495899700287,-0.003800283929226947,0.0023426750815718753,0.0029581623932419445,-8.755342337228792e-05,-0.0012791151534287352,-0.00014440295687644707,-0.0006918083505632435,0.000781424212873394,-0.0005091273879172831,0.00028268337345936705,0.000891419053826197,0.00022956650164677818,-0.00021844275624005976,0.00017649898062684888,-0.0001866616483172561,-0.0,0.0,0.0,0.0,0.0,0.0,0.0,0.0,0.0,0.0,0.0,0.0,0.0,0.0,0.0,0.0,0.0,0.0,0.0,0.0,0.0,0.0,0.0,0.0,0.0,0.0,0.0,0.0,0.0,0.0,0.0,0.0,0.0,0.0,0.0,0.0,0.0,0.0,0.0,0.0,0.0,0.0,0.0,0.0
HP354,478,0.3633828549138489,0.008090815966570323,0.06732336447857311,0.03081861653559233,-0.020270195742476373,-0.04636385086756539,0.031036193683295125,0.042762839360793094,-0.03441149387173041,-0.056230071731910976,0.03390081858187779,0.0023478927674157324,-0.011947054565023731,-0.010317350997575496,-0.003465298826862806,0.0011678397727678653,0.0065581889404334355,0.004103371834400878,-0.0038463446604847943,-0.000289171465874134,0.001529372579422572,-0.0002374442806912413,0.0014633281878742366,0.0004244711670017581,0.0014006547767402493,0.000755511296776588,0.0004091631889969587,-0.000212485269329871,0.00045572162522947537,-4.590722656294619e-05,4.008833514772451e-05,0.00029070218343636576,0.00042616993309812953,-2.2103102458012786e-05,-0.00021682815090720477,-0.000187374042701184,-4.137496728692698e-06,-0.00011023870168436688,5.824354052831539e-05,-0.0,0.0,0.0,0.0,0.0,0.0,0.0,0.0,0.0,0.0,0.0,0.0,0.0,0.0,0.0,0.0,0.0,0.0,0.0,0.0,0.0,0.0,0.0,0.0,0.0,0.0,0.0,0.0,0.0,0.0,0.0,0.0,0.0,0.0,0.0,0.0,0.0,0.0,0.0,0.0,0.0,0.0,0.0,0.0
proportion_explained,0,0.687414781939352,0.11191338473113763,0.03820311863876153,0.03032241281495897,0.027286175942425318,0.020639026616651998,0.01884443195761223,0.011432707205743315,0.011093893488699718,0.009630866815401849,0.00846171697816385,0.005358602073974573,0.004317725550510406,0.0034890272606543215,0.0019763085344038566,0.0015652550572616147,0.0013465246014492543,0.0012040590648424057,0.0008474414368146389,0.0007954912371030332,0.0007003215467420049,0.0006595023189174409,0.0004115145428326665,0.0003782777973468851,0.0003591082988231784,0.0002834556171448101,0.0002347611069919757,0.00017813550777213318,0.00015768417803589246,0.00010998427726721678,0.00010039687122043829,8.112530476169687e-05,6.985318654010819e-05,3.7217595804089306e-05,3.4341538828304155e-05,2.6528508901786397e-05,1.8826909629134974e-05,1.0022970917559643e-05,5.989975600079013e-06,0.0,0.0,0.0,0.0,0.0,0.0,0.0,0.0,0.0,0.0,0.0,0.0,0.0,0.0,0.0,0.0,0.0,0.0,0.0,0.0,0.0,0.0,0.0,0.0,0.0,0.0,0.0,0.0,0.0,0.0,0.0,0.0,0.0,0.0,0.0,0.0,0.0,0.0,0.0,0.0,0.0,0.0,0.0,0.0
